Order ID,Amount,Profit,Quantity,Category,Sub-Category,PaymentMode,AOV
B-25681,1096,658,7,Electronics,Electronic Games,COD,156.57142857142858
B-26055,5729,64,14,Furniture,Chairs,EMI,409.2142857142857
B-25955,2927,146,8,Furniture,Bookcases,EMI,365.875
B-26093,2847,712,8,Electronics,Printers,Credit Card,355.875
B-25602,2617,1151,4,Electronics,Phones,Credit Card,654.25
B-25881,2244,247,4,Clothing,Trousers,Credit Card,561.0
B-25696,275,-275,4,Clothing,Saree,COD,68.75
B-25687,387,-213,5,Clothing,Saree,UPI,77.4
B-25643,50,-44,2,Clothing,Hankerchief,UPI,25.0
B-25851,135,-54,5,Clothing,Kurti,COD,27.0
B-25703,231,-190,9,Clothing,Hankerchief,COD,25.666666666666668
B-25887,2125,-234,6,Electronics,Printers,EMI,354.1666666666667
B-25923,3873,-891,6,Electronics,Phones,Credit Card,645.5
B-25756,729,-492,5,Furniture,Bookcases,UPI,145.8
B-25761,2188,1050,5,Furniture,Bookcases,Credit Card,437.6
B-25655,6,-3,1,Clothing,Hankerchief,UPI,6.0
B-25786,1854,433,5,Furniture,Bookcases,Credit Card,370.8
B-26095,6,1,1,Clothing,Kurti,UPI,6.0
B-25853,2093,721,5,Furniture,Chairs,Credit Card,418.6
B-25735,7,-1,2,Clothing,Skirt,UPI,3.5
B-25910,1622,-624,5,Furniture,Tables,Credit Card,324.4
B-25950,1622,95,5,Electronics,Printers,Credit Card,324.4
B-25744,373,254,6,Electronics,Printers,UPI,62.166666666666664
B-25845,82,-33,4,Clothing,Kurti,COD,20.5
B-26001,8,2,2,Clothing,Skirt,UPI,4.0
B-25830,1954,782,3,Electronics,Phones,Credit Card,651.3333333333334
B-25842,1543,370,8,Electronics,Printers,Credit Card,192.875
B-25778,1506,-266,6,Electronics,Printers,Credit Card,251.0
B-25686,1829,-56,6,Furniture,Tables,Credit Card,304.8333333333333
B-25754,9,-1,3,Clothing,Skirt,UPI,3.0
B-26048,1461,202,5,Furniture,Tables,EMI,292.2
B-25816,391,113,8,Clothing,Stole,COD,48.875
B-26022,1824,1303,8,Electronics,Phones,Credit Card,228.0
B-25883,16,-15,4,Clothing,Hankerchief,UPI,4.0
B-26003,1745,122,2,Furniture,Tables,Credit Card,872.5
B-26097,663,-212,5,Electronics,Printers,UPI,132.6
B-25710,10,-1,1,Clothing,Leggings,UPI,10.0
B-25797,1630,802,5,Furniture,Tables,EMI,326.0
B-25618,12,0,2,Clothing,Hankerchief,UPI,6.0
B-25723,12,-7,2,Clothing,Leggings,UPI,6.0
B-25755,1709,564,3,Clothing,Trousers,Credit Card,569.6666666666666
B-25788,12,3,1,Clothing,Stole,UPI,12.0
B-25681,1625,-77,3,Electronics,Phones,EMI,541.6666666666666
B-25991,13,5,2,Clothing,Hankerchief,UPI,6.5
B-25779,1361,980,3,Furniture,Tables,COD,453.6666666666667
B-25909,1622,-448,3,Electronics,Phones,EMI,540.6666666666666
B-25943,1547,340,6,Electronics,Accessories,EMI,257.8333333333333
B-25935,1657,460,4,Furniture,Chairs,Credit Card,414.25
B-25613,1603,0,9,Clothing,Saree,Credit Card,178.11111111111111
B-25729,1549,-439,4,Electronics,Phones,Credit Card,387.25
B-25772,1183,106,4,Electronics,Printers,EMI,295.75
B-25655,74,-123,8,Clothing,Skirt,UPI,9.25
B-25640,1499,239,13,Clothing,Saree,Credit Card,115.3076923076923
B-25810,1120,199,6,Clothing,Saree,EMI,186.66666666666666
B-25801,15,-2,1,Clothing,T-shirt,Debit Card,15.0
B-26085,1487,624,3,Clothing,Trousers,Credit Card,495.6666666666667
B-25868,1118,206,2,Furniture,Tables,Credit Card,559.0
B-25714,11,-5,2,Clothing,Hankerchief,COD,5.5
B-25784,15,4,1,Clothing,Hankerchief,Debit Card,15.0
B-25608,1364,1864,5,Furniture,Tables,Credit Card,272.8
B-26051,1337,147,7,Electronics,Printers,Credit Card,191.0
B-25900,15,2,1,Clothing,Leggings,Debit Card,15.0
B-25760,322,-193,5,Electronics,Printers,UPI,64.4
B-25762,1316,527,7,Electronics,Electronic Games,Credit Card,188.0
B-25995,1314,342,3,Furniture,Bookcases,Credit Card,438.0
B-25965,17,7,3,Clothing,Hankerchief,Debit Card,5.666666666666667
B-25967,17,2,2,Clothing,Skirt,Debit Card,8.5
B-25674,17,-12,5,Clothing,Skirt,Debit Card,3.4
B-25929,1308,536,3,Furniture,Bookcases,Credit Card,436.0
B-25777,1076,-38,4,Electronics,Printers,Credit Card,269.0
B-26006,1301,573,5,Electronics,Accessories,Credit Card,260.2
B-25697,1300,-16,8,Electronics,Printers,Credit Card,162.5
B-25667,11,-2,4,Clothing,Hankerchief,COD,2.75
B-25836,1298,65,9,Electronics,Printers,EMI,144.22222222222223
B-25984,304,97,6,Clothing,Stole,UPI,50.666666666666664
B-25728,1055,264,4,Electronics,Printers,EMI,263.75
B-25757,17,-13,4,Clothing,Skirt,Debit Card,4.25
B-25957,147,73,3,Clothing,Stole,COD,49.0
B-26061,965,-68,3,Electronics,Printers,COD,321.6666666666667
B-25735,12,-2,3,Clothing,Hankerchief,COD,4.0
B-25616,14,-2,3,Clothing,Hankerchief,UPI,4.666666666666667
B-25666,934,-916,7,Electronics,Electronic Games,COD,133.42857142857142
B-25675,929,-93,9,Clothing,Saree,COD,103.22222222222223
B-26079,18,3,2,Clothing,Hankerchief,Debit Card,9.0
B-25850,916,192,11,Electronics,Phones,COD,83.27272727272727
B-25693,76,-72,9,Clothing,Hankerchief,COD,8.444444444444445
B-25852,869,67,4,Furniture,Tables,COD,217.25
B-25860,112,24,3,Clothing,Kurti,COD,37.333333333333336
B-25853,39,16,6,Clothing,Skirt,UPI,6.5
B-25898,857,-274,2,Furniture,Tables,COD,428.5
B-26100,828,230,2,Furniture,Chairs,COD,414.0
B-25653,1279,-640,8,Electronics,Printers,EMI,159.875
B-25839,1250,486,7,Clothing,Saree,EMI,178.57142857142858
B-25651,823,-18,7,Furniture,Chairs,COD,117.57142857142857
B-25957,1157,-13,9,Furniture,Bookcases,Credit Card,128.55555555555554
B-25704,126,-63,3,Electronics,Accessories,UPI,42.0
B-25730,1145,-706,3,Electronics,Phones,Credit Card,381.6666666666667
B-26052,774,170,3,Electronics,Accessories,COD,258.0
B-25656,24,-1,2,Clothing,Hankerchief,COD,12.0
B-26033,774,170,3,Electronics,Accessories,COD,258.0
B-25850,93,-1,2,Clothing,Hankerchief,COD,46.5
B-25945,765,-36,3,Electronics,Electronic Games,COD,255.0
B-26086,762,101,6,Electronics,Printers,COD,127.0
B-25752,761,266,9,Electronics,Electronic Games,COD,84.55555555555556
B-26098,96,-48,5,Clothing,Leggings,UPI,19.2
B-26067,1137,-14,7,Electronics,Printers,EMI,162.42857142857142
B-25730,18,8,2,Clothing,Hankerchief,Debit Card,9.0
B-25986,749,-307,7,Furniture,Furnishings,COD,107.0
B-26067,1120,199,6,Clothing,Saree,EMI,186.66666666666666
B-25953,744,119,6,Electronics,Printers,COD,124.0
B-25952,14,0,4,Clothing,Hankerchief,UPI,3.5
B-25903,19,8,2,Clothing,Hankerchief,Debit Card,9.5
B-25650,512,-225,5,Clothing,Saree,COD,102.4
B-25970,742,198,2,Furniture,Bookcases,COD,371.0
B-26062,44,-40,3,Clothing,Stole,COD,14.666666666666666
B-25643,1061,-36,8,Furniture,Bookcases,EMI,132.625
B-25632,19,-2,2,Clothing,Leggings,Debit Card,9.5
B-25821,17,0,1,Clothing,Hankerchief,COD,17.0
B-25878,741,267,5,Furniture,Bookcases,COD,148.2
B-25752,735,-235,6,Electronics,Printers,COD,122.5
B-25750,19,-1,1,Clothing,Shirt,Debit Card,19.0
B-25657,1021,-48,4,Electronics,Electronic Games,EMI,255.25
B-25787,556,-209,7,Clothing,Saree,COD,79.42857142857143
B-25808,63,-17,6,Clothing,Leggings,COD,10.5
B-25885,734,248,2,Furniture,Chairs,COD,367.0
B-25778,933,166,5,Clothing,Saree,Credit Card,186.6
B-25759,20,-9,6,Clothing,Hankerchief,Debit Card,3.3333333333333335
B-25747,877,395,2,Furniture,Bookcases,Credit Card,438.5
B-25878,719,303,6,Furniture,Chairs,COD,119.83333333333333
B-25603,12,1,2,Clothing,Hankerchief,COD,6.0
B-25691,714,56,4,Clothing,Saree,COD,178.5
B-25607,50,-15,4,Clothing,Leggings,COD,12.5
B-25708,709,-100,5,Electronics,Phones,COD,141.8
B-26021,21,-12,3,Clothing,Hankerchief,Debit Card,7.0
B-25831,693,254,6,Clothing,Saree,COD,115.5
B-25850,24,1,4,Clothing,Hankerchief,COD,6.0
B-25670,24,1,2,Clothing,Hankerchief,UPI,12.0
B-25852,24,1,2,Clothing,Hankerchief,COD,12.0
B-26029,21,10,1,Clothing,T-shirt,Debit Card,21.0
B-25959,681,259,4,Furniture,Chairs,COD,170.25
B-25676,674,-187,2,Furniture,Tables,COD,337.0
B-26097,671,-309,5,Electronics,Electronic Games,COD,134.2
B-25888,646,-213,3,Electronics,Electronic Games,COD,215.33333333333334
B-25911,40,15,1,Clothing,Kurti,COD,40.0
B-25662,24,-2,2,Clothing,T-shirt,COD,12.0
B-25950,644,167,2,Electronics,Printers,COD,322.0
B-25847,643,225,2,Electronics,Printers,COD,321.5
B-25796,632,-316,6,Clothing,Saree,COD,105.33333333333333
B-25693,632,316,6,Clothing,Saree,COD,105.33333333333333
B-25993,610,208,3,Electronics,Printers,COD,203.33333333333334
B-26052,78,-28,6,Clothing,Kurti,UPI,13.0
B-25930,595,119,4,Furniture,Bookcases,COD,148.75
B-25785,595,292,3,Clothing,Saree,COD,198.33333333333334
B-26093,852,51,5,Furniture,Bookcases,Credit Card,170.4
B-26053,594,89,3,Furniture,Bookcases,COD,198.0
B-26019,585,175,13,Clothing,T-shirt,COD,45.0
B-26070,582,262,5,Furniture,Furnishings,COD,116.4
B-25870,845,84,7,Clothing,Saree,Credit Card,120.71428571428571
B-25855,829,19,4,Electronics,Printers,Credit Card,207.25
B-25602,561,212,3,Clothing,Saree,COD,187.0
B-25728,771,-424,2,Electronics,Phones,Credit Card,385.5
B-25803,765,8,6,Clothing,Saree,EMI,127.5
B-25996,31,2,2,Clothing,Hankerchief,COD,15.5
B-26078,557,-111,2,Electronics,Electronic Games,COD,278.5
B-25803,757,371,2,Electronics,Printers,Credit Card,378.5
B-25682,545,-73,11,Electronics,Phones,COD,49.54545454545455
B-25749,1052,-82,3,Furniture,Bookcases,UPI,350.6666666666667
B-25962,544,-152,3,Furniture,Bookcases,COD,181.33333333333334
B-25899,22,9,2,Clothing,Leggings,Debit Card,11.0
B-25845,757,371,2,Electronics,Printers,Credit Card,378.5
B-25951,742,198,2,Furniture,Bookcases,Credit Card,371.0
B-25828,537,107,3,Clothing,Saree,COD,179.0
B-25803,536,91,1,Clothing,Trousers,COD,536.0
B-25656,6,3,1,Clothing,Hankerchief,COD,6.0
B-25681,523,204,7,Clothing,Trousers,COD,74.71428571428571
B-25658,27,9,2,Clothing,T-shirt,UPI,13.5
B-25698,516,392,8,Furniture,Chairs,COD,64.5
B-25832,504,116,3,Furniture,Bookcases,COD,168.0
B-25886,502,84,4,Electronics,Phones,COD,125.5
B-25897,734,213,6,Electronics,Electronic Games,Credit Card,122.33333333333333
B-25873,42,12,2,Clothing,Kurti,COD,21.0
B-25858,29,11,4,Clothing,Skirt,COD,7.25
B-25867,240,12,6,Clothing,Kurti,UPI,40.0
B-25633,496,-79,2,Clothing,Trousers,COD,248.0
B-25609,485,29,4,Electronics,Electronic Games,COD,121.25
B-25896,31,-11,3,Clothing,Skirt,UPI,10.333333333333334
B-26000,676,151,3,Electronics,Printers,Credit Card,225.33333333333334
B-25959,23,8,2,Clothing,Hankerchief,Debit Card,11.5
B-25940,13,3,2,Clothing,Hankerchief,COD,6.5
B-26087,180,0,8,Clothing,Stole,COD,22.5
B-26055,671,114,9,Electronics,Phones,Credit Card,74.55555555555556
B-25980,22,11,3,Clothing,Kurti,COD,7.333333333333333
B-25653,668,-31,3,Electronics,Printers,Credit Card,222.66666666666666
B-26052,145,0,3,Clothing,Saree,UPI,48.333333333333336
B-25877,24,8,2,Clothing,Skirt,Debit Card,12.0
B-25608,476,0,3,Furniture,Chairs,COD,158.66666666666666
B-25897,24,11,5,Clothing,Hankerchief,Debit Card,4.8
B-25881,37,3,3,Clothing,Hankerchief,COD,12.333333333333334
B-25905,152,50,6,Clothing,Stole,UPI,25.333333333333332
B-25818,32,11,2,Clothing,Leggings,UPI,16.0
B-25835,52,11,5,Clothing,Leggings,COD,10.4
B-26081,24,11,3,Clothing,Hankerchief,Debit Card,8.0
B-25730,473,42,4,Furniture,Chairs,COD,118.25
B-25837,263,50,5,Clothing,Stole,COD,52.6
B-25893,61,11,3,Clothing,Kurti,COD,20.333333333333332
B-25689,469,-459,3,Electronics,Electronic Games,COD,156.33333333333334
B-26028,1272,547,2,Electronics,Phones,COD,636.0
B-26081,169,0,3,Electronics,Accessories,COD,56.333333333333336
B-25903,25,11,3,Clothing,Leggings,Debit Card,8.333333333333334
B-25651,457,-41,4,Clothing,Saree,COD,114.25
B-25903,455,77,8,Electronics,Accessories,COD,56.875
B-26086,25,2,2,Clothing,Hankerchief,Debit Card,12.5
B-25654,450,-90,3,Electronics,Printers,COD,150.0
B-25720,30,-35,1,Furniture,Chairs,COD,30.0
B-26057,659,-37,2,Furniture,Bookcases,Credit Card,329.5
B-25798,448,148,2,Electronics,Printers,COD,224.0
B-25961,446,53,3,Electronics,Printers,COD,148.66666666666666
B-25701,98,-45,2,Furniture,Chairs,UPI,49.0
B-26055,443,11,1,Clothing,Saree,COD,443.0
B-25653,427,-50,7,Electronics,Phones,COD,61.0
B-25670,656,-36,2,Furniture,Bookcases,Credit Card,328.0
B-26056,424,161,2,Clothing,Saree,COD,212.0
B-26061,27,8,2,Clothing,T-shirt,Debit Card,13.5
B-25602,424,-272,5,Electronics,Phones,COD,84.8
B-26016,202,4,4,Clothing,Hankerchief,COD,50.5
B-25873,1275,357,2,Electronics,Phones,UPI,637.5
B-25761,418,70,7,Electronics,Phones,COD,59.714285714285715
B-25819,417,49,3,Electronics,Electronic Games,COD,139.0
B-25853,199,48,4,Clothing,Stole,UPI,49.75
B-25662,385,-77,11,Furniture,Furnishings,UPI,35.0
B-25993,414,199,3,Electronics,Phones,COD,138.0
B-25703,97,-45,4,Clothing,Saree,COD,24.25
B-25848,648,50,6,Electronics,Electronic Games,Credit Card,108.0
B-25678,27,-25,2,Clothing,Shirt,Debit Card,13.5
B-25925,27,12,1,Clothing,Stole,Debit Card,27.0
B-25977,27,1,1,Clothing,Stole,UPI,27.0
B-25797,413,-314,9,Furniture,Chairs,COD,45.888888888888886
B-26067,53,2,4,Clothing,Hankerchief,COD,13.25
B-25810,29,8,5,Clothing,Hankerchief,UPI,5.8
B-25648,30,13,1,Clothing,T-shirt,UPI,30.0
B-25933,412,412,6,Clothing,Saree,COD,68.66666666666667
B-25942,646,-23,2,Electronics,Printers,Credit Card,323.0
B-25656,30,-5,5,Clothing,Stole,UPI,6.0
B-26067,618,27,4,Furniture,Bookcases,Credit Card,154.5
B-25673,143,-124,5,Clothing,Saree,UPI,28.6
B-25797,31,1,2,Clothing,Hankerchief,UPI,15.5
B-26098,409,86,3,Clothing,Saree,COD,136.33333333333334
B-25656,406,126,2,Clothing,Saree,COD,203.0
B-25791,565,66,7,Clothing,Saree,Credit Card,80.71428571428571
B-26053,85,2,6,Clothing,Stole,COD,14.166666666666666
B-25983,561,118,5,Furniture,Bookcases,Credit Card,112.2
B-25743,503,-56,2,Clothing,Trousers,COD,251.5
B-25867,31,14,3,Clothing,Stole,UPI,10.333333333333334
B-25973,398,111,8,Clothing,Hankerchief,COD,49.75
B-25895,388,93,2,Furniture,Bookcases,COD,194.0
B-26003,498,-116,4,Clothing,Saree,UPI,124.5
B-25717,561,212,3,Clothing,Saree,Credit Card,187.0
B-26064,61,3,4,Clothing,Hankerchief,COD,15.25
B-25630,34,-22,4,Clothing,T-shirt,COD,8.5
B-26050,32,6,3,Clothing,Shirt,UPI,10.666666666666666
B-25786,623,-192,3,Furniture,Tables,UPI,207.66666666666666
B-26035,520,151,3,Electronics,Phones,Credit Card,173.33333333333334
B-25693,32,-16,6,Clothing,Saree,UPI,5.333333333333333
B-25703,32,-5,5,Clothing,Hankerchief,UPI,6.4
B-25966,510,234,6,Electronics,Electronic Games,EMI,85.0
B-26060,382,68,3,Clothing,Saree,COD,127.33333333333333
B-25898,33,13,3,Clothing,Leggings,UPI,11.0
B-25686,381,-13,2,Clothing,Saree,COD,190.5
B-26051,490,88,2,Electronics,Accessories,EMI,245.0
B-25854,381,144,2,Clothing,Saree,COD,190.5
B-26050,487,143,4,Electronics,Phones,EMI,121.75
B-25961,366,84,3,Furniture,Bookcases,COD,122.0
B-25701,33,-29,3,Clothing,Shirt,UPI,11.0
B-25970,365,107,3,Electronics,Phones,COD,121.66666666666667
B-25933,207,-100,2,Clothing,Saree,UPI,103.5
B-26081,359,-338,5,Furniture,Bookcases,COD,71.8
B-25650,351,-47,8,Electronics,Phones,COD,43.875
B-25850,485,199,4,Clothing,Saree,EMI,121.25
B-25643,37,-23,4,Clothing,Shirt,UPI,9.25
B-26100,34,10,2,Clothing,T-shirt,Debit Card,17.0
B-25964,346,108,3,Furniture,Chairs,COD,115.33333333333333
B-25676,342,-103,4,Electronics,Electronic Games,COD,85.5
B-25628,35,-8,2,Furniture,Furnishings,Debit Card,17.5
B-25891,121,41,4,Clothing,Stole,UPI,30.25
B-25903,336,57,2,Electronics,Phones,COD,168.0
B-25851,336,71,3,Furniture,Bookcases,COD,112.0
B-26089,27,4,1,Clothing,Hankerchief,COD,27.0
B-25996,333,50,2,Electronics,Phones,COD,166.5
B-25881,36,7,3,Clothing,Leggings,Debit Card,12.0
B-25621,333,-15,3,Electronics,Phones,COD,111.0
B-25727,327,114,4,Clothing,Trousers,COD,81.75
B-25843,18,6,3,Clothing,Hankerchief,UPI,6.0
B-26050,325,32,7,Clothing,T-shirt,COD,46.42857142857143
B-25741,482,-6,7,Electronics,Electronic Games,EMI,68.85714285714286
B-25756,465,-33,4,Electronics,Phones,EMI,116.25
B-25787,40,-12,3,Clothing,Shirt,COD,13.333333333333334
B-25603,107,36,6,Clothing,Stole,COD,17.833333333333332
B-25655,312,-312,7,Furniture,Chairs,COD,44.57142857142857
B-26096,451,25,3,Electronics,Phones,EMI,150.33333333333334
B-25962,312,62,1,Electronics,Electronic Games,COD,312.0
B-26007,311,72,2,Furniture,Bookcases,COD,155.5
B-26088,11,5,2,Clothing,Hankerchief,UPI,5.5
B-25673,37,-5,3,Clothing,T-shirt,Debit Card,12.333333333333334
B-25664,444,-200,4,Electronics,Phones,EMI,111.0
B-25642,434,26,11,Clothing,Shirt,Credit Card,39.45454545454545
B-25987,299,0,6,Clothing,Stole,COD,49.833333333333336
B-25903,37,17,3,Clothing,Hankerchief,Debit Card,12.333333333333334
B-25770,299,113,2,Furniture,Bookcases,COD,149.5
B-25840,298,74,2,Furniture,Bookcases,COD,149.0
B-25846,94,7,7,Clothing,Leggings,UPI,13.428571428571429
B-25745,296,225,11,Clothing,Saree,COD,26.90909090909091
B-26073,37,17,3,Clothing,Hankerchief,Debit Card,12.333333333333334
B-26030,291,93,2,Electronics,Printers,COD,145.5
B-25678,327,-39,1,Electronics,Phones,COD,327.0
B-26035,291,119,11,Clothing,Saree,COD,26.454545454545453
B-25896,287,-66,6,Clothing,Kurti,COD,47.833333333333336
B-25989,42,15,1,Electronics,Accessories,UPI,42.0
B-26016,429,61,3,Electronics,Electronic Games,Credit Card,143.0
B-26009,285,128,2,Electronics,Printers,COD,142.5
B-25915,277,3,1,Electronics,Electronic Games,COD,277.0
B-25845,274,-7,4,Electronics,Phones,COD,68.5
B-25645,273,-87,4,Electronics,Phones,COD,68.25
B-25803,269,91,1,Electronics,Electronic Games,COD,269.0
B-26030,11,5,1,Clothing,Skirt,COD,11.0
B-25955,39,2,2,Clothing,Saree,Debit Card,19.5
B-26096,264,-26,3,Clothing,Trousers,COD,88.0
B-25635,40,16,3,Clothing,Hankerchief,Debit Card,13.333333333333334
B-26038,41,19,2,Clothing,T-shirt,Debit Card,20.5
B-25791,253,-63,2,Clothing,Saree,UPI,126.5
B-26014,406,97,7,Furniture,Chairs,Credit Card,58.0
B-25751,32,7,3,Clothing,Hankerchief,COD,10.666666666666666
B-25962,260,68,2,Electronics,Printers,COD,130.0
B-26025,41,19,5,Clothing,Hankerchief,Debit Card,8.2
B-26048,401,13,6,Furniture,Chairs,Credit Card,66.83333333333333
B-25635,382,30,3,Clothing,Saree,Credit Card,127.33333333333333
B-25981,867,251,5,Electronics,Phones,COD,173.4
B-25610,43,0,3,Clothing,Saree,Debit Card,14.333333333333334
B-25733,43,-43,7,Clothing,Stole,Debit Card,6.142857142857143
B-25977,74,29,3,Clothing,Stole,COD,24.666666666666668
B-25655,44,-26,3,Clothing,Hankerchief,Debit Card,14.666666666666666
B-25612,259,-55,2,Furniture,Chairs,COD,129.5
B-25608,257,23,5,Clothing,Hankerchief,COD,51.4
B-25752,76,27,5,Clothing,Stole,COD,15.2
B-25700,44,-32,3,Clothing,Stole,Debit Card,14.666666666666666
B-25856,257,3,2,Clothing,Saree,COD,128.5
B-26026,255,76,9,Clothing,Hankerchief,COD,28.333333333333332
B-25861,44,14,3,Clothing,Hankerchief,Debit Card,14.666666666666666
B-25673,45,-2,4,Clothing,Shirt,COD,11.25
B-25681,44,-3,1,Clothing,Saree,Debit Card,44.0
B-26051,382,119,2,Clothing,Saree,Credit Card,191.0
B-25951,250,100,3,Clothing,Trousers,COD,83.33333333333333
B-25799,45,-15,2,Furniture,Chairs,COD,22.5
B-26053,246,61,2,Furniture,Bookcases,COD,123.0
B-26030,50,25,5,Clothing,Stole,COD,10.0
B-26054,246,98,5,Clothing,Hankerchief,COD,49.2
B-25696,44,99,3,Clothing,Kurti,Debit Card,14.666666666666666
B-25660,245,-78,3,Clothing,Saree,COD,81.66666666666667
B-25858,245,30,2,Clothing,Saree,COD,122.5
B-26045,376,0,7,Clothing,Stole,Credit Card,53.714285714285715
B-25850,45,1,3,Clothing,T-shirt,Debit Card,15.0
B-25781,45,-28,2,Clothing,Stole,Debit Card,22.5
B-25918,244,-122,5,Furniture,Furnishings,COD,48.8
B-25971,244,83,2,Furniture,Bookcases,COD,122.0
B-25870,10,4,1,Clothing,Kurti,UPI,10.0
B-25770,375,180,3,Furniture,Bookcases,Credit Card,125.0
B-25757,46,14,5,Clothing,Skirt,Debit Card,9.2
B-25699,49,-31,2,Clothing,Stole,UPI,24.5
B-25776,47,-20,2,Clothing,Kurti,Debit Card,23.5
B-25893,355,-114,7,Clothing,Stole,Credit Card,50.714285714285715
B-25985,32,8,5,Clothing,Hankerchief,UPI,6.4
B-25681,243,-14,2,Furniture,Chairs,COD,121.5
B-26063,241,-77,4,Electronics,Electronic Games,COD,60.25
B-26032,47,15,5,Clothing,Saree,Debit Card,9.4
B-26001,50,-10,6,Clothing,Skirt,Debit Card,8.333333333333334
B-26056,15,6,2,Clothing,Hankerchief,COD,7.5
B-25850,148,24,3,Clothing,Stole,COD,49.333333333333336
B-25767,299,-28,3,Electronics,Electronic Games,UPI,99.66666666666667
B-25693,68,-30,1,Electronics,Phones,UPI,68.0
B-25850,52,18,5,Clothing,Leggings,Debit Card,10.4
B-25796,239,-162,5,Furniture,Chairs,COD,47.8
B-26053,27,6,3,Clothing,Skirt,COD,9.0
B-25650,238,20,2,Clothing,Saree,COD,119.0
B-25961,48,16,3,Clothing,Shirt,COD,16.0
B-26023,66,22,3,Clothing,Stole,UPI,22.0
B-25809,53,24,1,Clothing,Hankerchief,Debit Card,53.0
B-25621,233,-10,5,Electronics,Electronic Games,COD,46.6
B-25854,53,-2,3,Clothing,Saree,Debit Card,17.666666666666668
B-26057,54,8,4,Clothing,T-shirt,Debit Card,13.5
B-25688,352,-345,5,Clothing,Saree,Credit Card,70.4
B-25885,349,0,7,Clothing,Stole,Credit Card,49.857142857142854
B-25753,341,-85,6,Clothing,Trousers,Credit Card,56.833333333333336
B-25981,54,12,3,Clothing,Saree,Debit Card,18.0
B-26055,57,7,2,Clothing,Shirt,UPI,28.5
B-25714,340,20,7,Clothing,Shirt,Credit Card,48.57142857142857
B-26055,227,48,5,Clothing,Stole,COD,45.4
B-25989,330,81,1,Furniture,Bookcases,Credit Card,330.0
B-25710,216,-38,6,Furniture,Furnishings,UPI,36.0
B-25773,224,-143,3,Furniture,Chairs,COD,74.66666666666667
B-25661,55,-33,2,Furniture,Chairs,Debit Card,27.5
B-26021,49,21,1,Clothing,Stole,UPI,49.0
B-26057,224,87,3,Clothing,Trousers,COD,74.66666666666667
B-25858,223,27,2,Furniture,Bookcases,COD,111.5
B-25857,324,39,8,Electronics,Accessories,Credit Card,40.5
B-25656,56,18,2,Clothing,Hankerchief,Debit Card,28.0
B-25999,223,62,7,Clothing,Shirt,COD,31.857142857142858
B-25856,10,2,2,Clothing,Skirt,COD,5.0
B-25926,57,6,5,Clothing,Leggings,Debit Card,11.4
B-25728,322,-113,4,Clothing,Saree,Credit Card,80.5
B-26076,219,4,2,Clothing,Saree,COD,109.5
B-25913,103,21,7,Clothing,Stole,UPI,14.714285714285714
B-25703,47,-27,4,Clothing,Saree,COD,11.75
B-25858,219,0,1,Clothing,Saree,COD,219.0
B-25727,57,-48,6,Clothing,Leggings,Debit Card,9.5
B-26020,319,102,6,Electronics,Accessories,Credit Card,53.166666666666664
B-26003,315,-8,3,Furniture,Chairs,Credit Card,105.0
B-25925,314,-41,3,Electronics,Electronic Games,Credit Card,104.66666666666667
B-26087,311,40,1,Electronics,Electronic Games,EMI,311.0
B-25810,307,74,3,Electronics,Accessories,EMI,102.33333333333333
B-25858,294,109,7,Electronics,Accessories,EMI,42.0
B-25861,216,-83,3,Electronics,Electronic Games,COD,72.0
B-25661,58,-42,2,Furniture,Chairs,Debit Card,29.0
B-25943,48,20,4,Clothing,Stole,UPI,12.0
B-25955,54,14,3,Clothing,T-shirt,UPI,18.0
B-26051,216,50,4,Clothing,Stole,COD,54.0
B-25999,215,-30,2,Clothing,Saree,COD,107.5
B-26083,43,8,3,Clothing,Leggings,COD,14.333333333333334
B-25950,136,-33,5,Clothing,Saree,COD,27.2
B-25625,59,-30,3,Clothing,Leggings,Debit Card,19.666666666666668
B-26055,213,4,14,Clothing,Shirt,COD,15.214285714285714
B-26023,59,21,2,Clothing,Stole,Debit Card,29.5
B-26010,55,3,3,Clothing,T-shirt,COD,18.333333333333332
B-25955,294,62,9,Clothing,T-shirt,EMI,32.666666666666664
B-25900,210,62,2,Electronics,Phones,COD,105.0
B-26089,59,24,6,Clothing,Kurti,Debit Card,9.833333333333334
B-25655,396,-31,9,Clothing,Saree,COD,44.0
B-25979,284,45,2,Furniture,Bookcases,EMI,142.0
B-26002,276,52,5,Clothing,Saree,EMI,55.2
B-25635,23,2,2,Clothing,Skirt,UPI,11.5
B-26084,209,-63,4,Electronics,Electronic Games,COD,52.25
B-25998,50,-28,5,Furniture,Furnishings,COD,10.0
B-25872,57,27,2,Clothing,Shirt,COD,28.5
B-25795,276,-21,2,Electronics,Phones,EMI,138.0
B-25902,268,6,2,Furniture,Bookcases,UPI,134.0
B-25650,269,111,3,Clothing,Trousers,EMI,89.66666666666667
B-25957,209,2,1,Clothing,Saree,COD,209.0
B-25793,60,-12,4,Clothing,Hankerchief,Debit Card,15.0
B-25654,269,-86,2,Electronics,Electronic Games,EMI,134.5
B-25750,208,-25,2,Clothing,Saree,COD,104.0
B-25835,27,2,2,Clothing,Leggings,UPI,13.5
B-25652,206,-206,3,Clothing,Saree,COD,68.66666666666667
B-26018,61,8,4,Clothing,Hankerchief,Debit Card,15.25
B-25750,212,-24,2,Furniture,Chairs,COD,106.0
B-25840,262,64,6,Clothing,Saree,EMI,43.666666666666664
B-25756,204,276,3,Furniture,Bookcases,COD,68.0
B-25777,59,-46,7,Clothing,T-shirt,UPI,8.428571428571429
B-25750,199,-18,2,Clothing,Saree,COD,99.5
B-25823,59,6,1,Electronics,Accessories,UPI,59.0
B-26096,45,9,3,Clothing,Leggings,UPI,15.0
B-25757,211,19,8,Clothing,Stole,COD,26.375
B-25698,65,-16,2,Electronics,Phones,Debit Card,32.5
B-25710,25,0,4,Clothing,Skirt,UPI,6.25
B-25994,196,-7,5,Electronics,Phones,COD,39.2
B-25950,261,13,6,Clothing,Shirt,Credit Card,43.5
B-25653,195,-117,5,Electronics,Phones,COD,39.0
B-25785,192,-146,3,Clothing,Saree,COD,64.0
B-25863,189,87,7,Clothing,Stole,COD,27.0
B-25959,32,2,2,Clothing,Kurti,UPI,16.0
B-25991,188,13,7,Clothing,Shirt,COD,26.857142857142858
B-25680,73,-25,3,Clothing,Saree,COD,24.333333333333332
B-25910,259,47,5,Clothing,Hankerchief,Credit Card,51.8
B-25737,187,-15,3,Clothing,Trousers,COD,62.333333333333336
B-25853,26,11,2,Clothing,Hankerchief,UPI,13.0
B-26097,185,-26,6,Furniture,Chairs,COD,30.833333333333332
B-25875,248,8,2,Clothing,Saree,Credit Card,124.0
B-26031,67,9,4,Clothing,Leggings,Debit Card,16.75
B-25773,248,-70,3,Furniture,Chairs,Credit Card,82.66666666666667
B-25840,246,61,2,Furniture,Bookcases,Credit Card,123.0
B-25908,179,-25,5,Clothing,Kurti,COD,35.8
B-26041,176,-28,5,Furniture,Furnishings,COD,35.2
B-26010,176,-13,5,Furniture,Furnishings,COD,35.2
B-25640,68,-62,2,Clothing,Trousers,Debit Card,34.0
B-25794,176,37,6,Electronics,Accessories,COD,29.333333333333332
B-25987,88,11,7,Clothing,Hankerchief,UPI,12.571428571428571
B-25615,68,20,5,Clothing,Hankerchief,Debit Card,13.6
B-25997,231,99,2,Electronics,Electronic Games,Credit Card,115.5
B-25981,62,8,2,Clothing,T-shirt,UPI,31.0
B-25791,175,77,3,Clothing,Saree,COD,58.333333333333336
B-25986,71,4,5,Clothing,Leggings,Debit Card,14.2
B-25652,174,-70,3,Electronics,Accessories,COD,58.0
B-25952,173,69,3,Furniture,Chairs,COD,57.666666666666664
B-25898,171,2,2,Electronics,Electronic Games,COD,85.5
B-25785,268,-25,3,Clothing,Saree,COD,89.33333333333333
B-25990,71,32,3,Clothing,Saree,Debit Card,23.666666666666668
B-26091,29,10,4,Clothing,Hankerchief,UPI,7.25
B-25604,65,17,2,Clothing,T-shirt,UPI,32.5
B-25754,72,-46,7,Clothing,Kurti,Debit Card,10.285714285714286
B-25724,168,-51,2,Furniture,Bookcases,COD,84.0
B-25757,165,30,3,Clothing,Stole,COD,55.0
B-25767,74,-59,2,Electronics,Accessories,Debit Card,37.0
B-25886,89,17,2,Clothing,Stole,UPI,44.5
B-25621,228,63,3,Electronics,Electronic Games,Credit Card,76.0
B-25967,119,-24,4,Furniture,Furnishings,COD,29.75
B-25691,75,-25,3,Clothing,Stole,UPI,25.0
B-25953,67,20,4,Clothing,T-shirt,UPI,16.75
B-25651,7,0,1,Clothing,Leggings,COD,7.0
B-25828,222,35,5,Clothing,Saree,Credit Card,44.4
B-25628,219,-9,4,Clothing,Saree,Credit Card,54.75
B-25703,42,-23,2,Furniture,Furnishings,UPI,21.0
B-25929,216,-135,3,Furniture,Chairs,Credit Card,72.0
B-25748,47,-21,2,Electronics,Electronic Games,COD,23.5
B-25610,68,-55,5,Electronics,Accessories,UPI,13.6
B-25903,74,33,2,Clothing,Shirt,Debit Card,37.0
B-25878,165,46,3,Furniture,Furnishings,COD,55.0
B-26056,101,11,2,Clothing,Hankerchief,UPI,50.5
B-26004,162,73,2,Electronics,Electronic Games,COD,81.0
B-25699,20,-22,1,Furniture,Furnishings,UPI,20.0
B-26053,162,55,3,Clothing,Stole,COD,54.0
B-25654,229,-23,2,Clothing,Saree,UPI,114.5
B-25954,27,0,2,Clothing,Leggings,COD,13.5
B-25910,685,7,7,Clothing,Trousers,UPI,97.85714285714286
B-26064,75,2,5,Clothing,Leggings,Debit Card,15.0
B-25983,161,-229,8,Furniture,Furnishings,COD,20.125
B-26002,71,19,3,Clothing,T-shirt,COD,23.666666666666668
B-25650,211,-105,2,Clothing,Saree,Credit Card,105.5
B-26043,79,5,6,Clothing,Hankerchief,Debit Card,13.166666666666666
B-25657,32,-22,5,Clothing,Saree,UPI,6.4
B-25838,161,40,3,Clothing,Stole,COD,53.666666666666664
B-25651,159,4,1,Clothing,Saree,COD,159.0
B-25808,210,-50,4,Clothing,Hankerchief,Credit Card,52.5
B-25973,79,39,2,Clothing,Shirt,Debit Card,39.5
B-25698,207,153,3,Clothing,Saree,Credit Card,69.0
B-25818,36,0,4,Clothing,Kurti,COD,9.0
B-26061,206,12,1,Electronics,Printers,Credit Card,206.0
B-25878,46,0,4,Clothing,Leggings,COD,11.5
B-26054,156,23,3,Clothing,Stole,COD,52.0
B-25809,154,54,3,Clothing,Hankerchief,COD,51.333333333333336
B-26042,36,15,3,Clothing,Stole,UPI,12.0
B-26008,206,51,4,Clothing,Hankerchief,Credit Card,51.5
B-25927,200,7,4,Electronics,Electronic Games,Credit Card,50.0
B-26008,199,-1,1,Clothing,Saree,Credit Card,199.0
B-25753,154,22,7,Clothing,T-shirt,COD,22.0
B-25948,152,23,3,Furniture,Furnishings,COD,50.666666666666664
B-26094,152,50,6,Clothing,Stole,COD,25.333333333333332
B-25654,122,-21,3,Furniture,Furnishings,UPI,40.666666666666664
B-25854,149,48,6,Clothing,Stole,COD,24.833333333333332
B-25623,149,-87,4,Clothing,Saree,COD,37.25
B-25985,197,20,4,Clothing,Kurti,Credit Card,49.25
B-25723,76,-54,3,Electronics,Electronic Games,COD,25.333333333333332
B-25751,221,-15,2,Electronics,Electronic Games,COD,110.5
B-26050,79,32,3,Clothing,Saree,Debit Card,26.333333333333332
B-25800,45,12,7,Clothing,Hankerchief,UPI,6.428571428571429
B-25673,149,-1,1,Clothing,Saree,COD,149.0
B-26002,80,22,3,Clothing,Stole,Debit Card,26.666666666666668
B-26009,195,12,9,Clothing,Shirt,Credit Card,21.666666666666668
B-25754,19,0,3,Clothing,Skirt,UPI,6.333333333333333
B-25953,81,41,3,Clothing,Stole,Debit Card,27.0
B-26039,83,34,5,Clothing,Shirt,Debit Card,16.6
B-26001,149,17,4,Furniture,Furnishings,COD,37.25
B-25620,193,46,1,Electronics,Printers,Credit Card,193.0
B-26051,85,24,10,Clothing,Hankerchief,Debit Card,8.5
B-25673,44,-17,5,Clothing,Saree,UPI,8.8
B-25721,149,-40,2,Electronics,Phones,COD,74.5
B-25764,26,0,2,Clothing,Kurti,COD,13.0
B-25645,86,0,4,Clothing,T-shirt,Debit Card,21.5
B-26066,86,22,2,Clothing,Saree,Debit Card,43.0
B-26003,79,16,3,Clothing,T-shirt,COD,26.333333333333332
B-25712,193,-275,3,Electronics,Phones,Credit Card,64.33333333333333
B-25796,148,0,3,Clothing,Saree,COD,49.333333333333336
B-25738,70,-14,2,Furniture,Furnishings,UPI,35.0
B-25771,148,59,3,Clothing,Hankerchief,COD,49.333333333333336
B-25950,190,19,9,Furniture,Furnishings,Credit Card,21.11111111111111
B-26038,52,14,2,Clothing,Stole,COD,26.0
B-26004,147,44,3,Clothing,Saree,COD,49.0
B-25896,190,68,8,Clothing,T-shirt,Credit Card,23.75
B-25601,80,-56,4,Electronics,Electronic Games,UPI,20.0
B-25952,147,48,3,Clothing,Saree,COD,49.0
B-25873,66,12,3,Clothing,Stole,COD,22.0
B-25844,86,8,2,Clothing,Saree,Debit Card,43.0
B-26054,88,19,2,Clothing,Shirt,Debit Card,44.0
B-25953,188,-193,2,Electronics,Electronic Games,Credit Card,94.0
B-25951,89,29,2,Clothing,Stole,UPI,44.5
B-26065,146,19,5,Clothing,Stole,COD,29.2
B-26033,143,32,1,Furniture,Bookcases,COD,143.0
B-25781,25,-1,4,Clothing,Kurti,COD,6.25
B-26043,30,12,3,Clothing,Skirt,UPI,10.0
B-25787,140,-58,4,Furniture,Furnishings,COD,35.0
B-25664,83,-48,1,Furniture,Bookcases,UPI,83.0
B-25825,140,6,5,Clothing,Saree,COD,28.0
B-25818,28,14,4,Clothing,Hankerchief,COD,7.0
B-25765,139,14,3,Clothing,Stole,COD,46.333333333333336
B-25853,30,14,3,Clothing,Hankerchief,UPI,10.0
B-26030,89,36,3,Clothing,Shirt,UPI,29.666666666666668
B-25730,187,30,4,Electronics,Accessories,Credit Card,46.75
B-26054,139,21,3,Electronics,Accessories,COD,46.333333333333336
B-25773,437,-14,2,Clothing,Saree,UPI,218.5
B-25717,138,-3,5,Clothing,Saree,COD,27.6
B-26010,85,13,2,Clothing,Shirt,UPI,42.5
B-25893,83,12,3,Clothing,Stole,UPI,27.666666666666668
B-26076,91,22,2,Clothing,Stole,UPI,45.5
B-25803,137,5,5,Clothing,Shirt,COD,27.4
B-25709,33,-12,7,Clothing,Saree,UPI,4.714285714285714
B-25755,134,-34,2,Furniture,Chairs,COD,67.0
B-25684,134,42,2,Furniture,Chairs,COD,67.0
B-25739,133,-56,2,Furniture,Chairs,COD,66.5
B-26081,93,-84,3,Clothing,Saree,UPI,31.0
B-25662,86,-21,1,Electronics,Electronic Games,UPI,86.0
B-25845,132,54,5,Clothing,Stole,COD,26.4
B-26085,132,-10,3,Clothing,Saree,COD,44.0
B-25745,132,-79,5,Furniture,Furnishings,COD,26.4
B-25999,93,-65,4,Clothing,Stole,UPI,23.25
B-26082,95,5,2,Clothing,Stole,UPI,47.5
B-26097,97,12,2,Clothing,Hankerchief,UPI,48.5
B-25731,131,-154,8,Furniture,Furnishings,COD,16.375
B-25625,97,29,2,Clothing,Hankerchief,UPI,48.5
B-25853,128,4,3,Clothing,Saree,COD,42.666666666666664
B-25703,186,241,9,Clothing,Shirt,Credit Card,20.666666666666668
B-26003,128,47,4,Clothing,Hankerchief,COD,32.0
B-25803,185,48,4,Clothing,Stole,Credit Card,46.25
B-25719,29,10,2,Clothing,Stole,COD,14.5
B-25883,127,29,3,Furniture,Furnishings,COD,42.333333333333336
B-25891,97,36,7,Clothing,Hankerchief,UPI,13.857142857142858
B-25821,125,0,3,Electronics,Accessories,COD,41.666666666666664
B-25646,299,-8,2,Clothing,Saree,COD,149.5
B-25874,124,54,5,Clothing,T-shirt,COD,24.8
B-25717,90,17,3,Clothing,Shirt,COD,30.0
B-26073,122,11,4,Clothing,Hankerchief,COD,30.5
B-25800,122,-66,9,Electronics,Accessories,COD,13.555555555555555
B-25991,90,30,2,Furniture,Chairs,UPI,45.0
B-25638,182,-11,3,Furniture,Bookcases,Credit Card,60.666666666666664
B-26021,122,59,7,Furniture,Furnishings,COD,17.428571428571427
B-25882,121,19,4,Clothing,Stole,COD,30.25
B-26053,120,1,1,Furniture,Chairs,COD,120.0
B-25951,120,23,5,Clothing,Stole,COD,24.0
B-25757,34,-11,5,Clothing,T-shirt,COD,6.8
B-25777,117,17,6,Clothing,Kurti,COD,19.5
B-26040,38,9,2,Clothing,Stole,COD,19.0
B-25696,117,-6,3,Electronics,Phones,COD,39.0
B-25977,180,54,4,Clothing,T-shirt,Credit Card,45.0
B-25743,99,-5,1,Clothing,Saree,UPI,99.0
B-25651,172,-103,3,Furniture,Chairs,EMI,57.333333333333336
B-25603,116,16,4,Clothing,Stole,COD,29.0
B-25696,116,-4,1,Clothing,Saree,COD,116.0
B-26037,171,68,7,Clothing,Stole,EMI,24.428571428571427
B-26098,46,14,5,Clothing,Skirt,COD,9.2
B-25697,115,-39,3,Clothing,Trousers,COD,38.333333333333336
B-25920,100,7,2,Clothing,T-shirt,UPI,50.0
B-25993,44,8,2,Clothing,Stole,COD,22.0
B-26089,139,14,3,Clothing,Kurti,COD,46.333333333333336
B-25960,171,-140,2,Furniture,Bookcases,EMI,85.5
B-25917,100,12,2,Clothing,T-shirt,UPI,50.0
B-25825,115,25,6,Clothing,Stole,COD,19.166666666666668
B-25696,168,-9,3,Clothing,Saree,COD,56.0
B-25972,115,47,2,Electronics,Accessories,COD,57.5
B-25602,168,-111,2,Electronics,Phones,EMI,84.0
B-25736,31,-7,5,Clothing,Skirt,UPI,6.2
B-26003,114,41,6,Furniture,Furnishings,COD,19.0
B-25970,111,9,4,Clothing,Stole,COD,27.75
B-25742,11,-8,2,Clothing,Skirt,UPI,5.5
B-25770,110,35,1,Furniture,Furnishings,COD,110.0
B-26098,59,15,2,Clothing,T-shirt,UPI,29.5
B-26050,166,27,2,Electronics,Accessories,EMI,83.0
B-25778,109,-6,6,Clothing,Saree,COD,18.166666666666668
B-25652,34,-6,4,Clothing,Leggings,COD,8.5
B-25999,109,40,1,Furniture,Furnishings,COD,109.0
B-25909,108,22,3,Electronics,Accessories,COD,36.0
B-25823,103,50,2,Furniture,Furnishings,UPI,51.5
B-25701,10,-8,2,Clothing,Skirt,COD,5.0
B-25855,90,17,3,Clothing,Hankerchief,COD,30.0
B-25654,105,46,2,Clothing,Stole,UPI,52.5
B-25623,105,20,2,Clothing,Stole,Debit Card,52.5
B-25641,22,-6,1,Furniture,Furnishings,COD,22.0
B-25852,105,-33,5,Clothing,Kurti,COD,21.0
B-25958,105,25,2,Clothing,Hankerchief,EMI,52.5
B-25802,25,-7,5,Clothing,Saree,UPI,5.0
B-25823,104,2,2,Furniture,Furnishings,COD,52.0
B-25834,16,5,1,Clothing,Stole,UPI,16.0
B-25678,64,-7,3,Clothing,Saree,COD,21.333333333333332
B-25774,38,-6,2,Furniture,Furnishings,UPI,19.0
B-25904,83,12,2,Furniture,Chairs,COD,41.5
B-25896,103,36,2,Clothing,Hankerchief,COD,51.5
B-25796,37,-6,1,Clothing,Saree,UPI,37.0
B-25934,105,33,6,Clothing,Saree,EMI,17.5
B-25750,78,-6,2,Furniture,Furnishings,UPI,39.0
B-25761,102,-90,1,Clothing,Saree,COD,102.0
B-25912,102,11,6,Clothing,T-shirt,COD,17.0
B-25751,10,-8,1,Clothing,Kurti,UPI,10.0
B-25656,101,18,9,Clothing,Skirt,COD,11.222222222222221
B-25647,42,-6,4,Clothing,Saree,UPI,10.5
B-25861,56,18,2,Clothing,Hankerchief,UPI,28.0
B-25802,95,5,2,Clothing,Stole,COD,47.5
B-25901,159,2,3,Furniture,Furnishings,EMI,53.0
B-25623,158,69,3,Clothing,Stole,EMI,52.666666666666664
B-25751,106,0,2,Electronics,Phones,EMI,53.0
B-26052,101,16,4,Clothing,T-shirt,COD,25.25
B-25886,107,37,3,Clothing,Shirt,COD,35.666666666666664
B-25804,156,36,5,Clothing,T-shirt,EMI,31.2
B-25734,108,-19,3,Electronics,Electronic Games,UPI,36.0
B-25610,107,-54,4,Clothing,Stole,EMI,26.75
B-25711,100,-58,4,Clothing,Hankerchief,COD,25.0
B-25985,108,26,4,Clothing,Shirt,UPI,27.0
B-25864,100,6,4,Clothing,Stole,COD,25.0
B-25648,100,-23,1,Electronics,Phones,COD,100.0
B-26086,43,17,2,Clothing,T-shirt,UPI,21.5
B-25835,155,26,3,Clothing,Stole,EMI,51.666666666666664
B-25949,151,9,3,Clothing,Hankerchief,EMI,50.333333333333336
B-25930,151,29,5,Clothing,Hankerchief,EMI,30.2
B-25655,110,-68,4,Clothing,Saree,EMI,27.5
B-25757,98,9,2,Furniture,Furnishings,COD,49.0
B-25655,97,-62,2,Clothing,Trousers,COD,48.5
B-26033,111,35,5,Clothing,Shirt,COD,22.2
B-26083,45,17,1,Electronics,Accessories,COD,45.0
B-25805,112,15,2,Furniture,Chairs,COD,56.0
B-25955,110,20,5,Clothing,Stole,Debit Card,22.0
B-25762,98,-5,2,Clothing,Saree,UPI,49.0
B-25919,110,12,7,Clothing,Stole,Debit Card,15.714285714285714
B-25853,95,11,4,Furniture,Furnishings,COD,23.75
B-25925,1228,14,3,Furniture,Chairs,UPI,409.3333333333333
B-26023,29,0,3,Furniture,Furnishings,COD,9.666666666666666
B-26055,94,27,2,Clothing,T-shirt,COD,47.0
B-25653,115,25,1,Electronics,Accessories,COD,115.0
B-25893,149,15,3,Clothing,Saree,EMI,49.666666666666664
B-26052,148,23,4,Clothing,Kurti,EMI,37.0
B-25830,93,15,2,Electronics,Accessories,COD,46.5
B-26040,113,24,4,Clothing,Hankerchief,Debit Card,28.25
B-25981,48,2,3,Clothing,Stole,COD,16.0
B-25954,148,9,1,Electronics,Electronic Games,UPI,148.0
B-25889,114,11,4,Clothing,T-shirt,Debit Card,28.5
B-25810,92,42,2,Clothing,Stole,COD,46.0
B-25637,117,14,3,Clothing,Shirt,UPI,39.0
B-25801,21,-10,4,Clothing,Leggings,COD,5.25
B-25783,33,-10,6,Clothing,Leggings,UPI,5.5
B-25697,114,8,3,Electronics,Accessories,Debit Card,38.0
B-26028,115,0,1,Electronics,Accessories,Debit Card,115.0
B-25851,90,29,5,Clothing,T-shirt,COD,18.0
B-25938,61,1,2,Furniture,Furnishings,COD,30.5
B-25820,119,1,1,Furniture,Chairs,COD,119.0
B-25850,117,36,2,Clothing,Trousers,Debit Card,58.5
B-25924,148,54,2,Furniture,Chairs,UPI,74.0
B-25609,249,-5,4,Clothing,Saree,COD,62.25
B-25898,147,73,3,Clothing,Stole,UPI,49.0
B-25814,118,35,7,Clothing,T-shirt,EMI,16.857142857142858
B-26087,119,56,7,Clothing,Saree,EMI,17.0
B-25901,90,27,2,Clothing,T-shirt,COD,45.0
B-26025,32,1,2,Clothing,Stole,COD,16.0
B-25631,89,-89,2,Furniture,Furnishings,COD,44.5
B-25954,146,66,1,Electronics,Phones,UPI,146.0
B-25956,89,-37,4,Clothing,Shirt,COD,22.25
B-26096,88,11,3,Electronics,Accessories,COD,29.333333333333332
B-25862,121,41,4,Clothing,Stole,EMI,30.25
B-26054,88,20,2,Clothing,Saree,COD,44.0
B-25698,87,-83,5,Clothing,Kurti,COD,17.4
B-25606,87,4,2,Clothing,Shirt,COD,43.5
B-25928,122,15,3,Electronics,Accessories,EMI,40.666666666666664
B-26005,87,10,3,Clothing,Stole,COD,29.0
B-25963,53,8,3,Furniture,Furnishings,UPI,17.666666666666668
B-25952,87,-32,9,Clothing,Skirt,COD,9.666666666666666
B-25683,86,-55,6,Clothing,Saree,COD,14.333333333333334
B-25914,125,22,3,Clothing,Stole,EMI,41.666666666666664
B-25828,128,-3,3,Clothing,Saree,Debit Card,42.666666666666664
B-25743,143,-124,5,Clothing,Saree,UPI,28.6
B-26085,86,22,2,Clothing,Saree,COD,43.0
B-25869,86,9,3,Clothing,Saree,COD,28.666666666666668
B-25773,85,-9,4,Clothing,Saree,COD,21.25
B-25700,129,-75,5,Clothing,Shirt,Debit Card,25.8
B-25921,84,-42,2,Electronics,Accessories,COD,42.0
B-25730,83,-81,3,Furniture,Chairs,COD,27.666666666666668
B-26083,143,6,2,Electronics,Accessories,UPI,71.5
B-25849,336,123,3,Electronics,Phones,UPI,112.0
B-25909,323,122,5,Electronics,Phones,UPI,64.6
B-26038,130,61,3,Clothing,Shirt,Debit Card,43.333333333333336
B-25999,152,-3,5,Clothing,Saree,COD,30.4
B-25928,25,10,1,Furniture,Furnishings,UPI,25.0
B-25878,140,15,5,Clothing,Stole,UPI,28.0
B-25843,45,0,2,Clothing,Stole,UPI,22.5
B-25959,132,49,3,Clothing,Shirt,COD,44.0
B-25630,133,12,5,Clothing,Stole,Debit Card,26.6
B-25858,82,13,2,Clothing,Shirt,COD,41.0
B-26096,140,56,4,Clothing,Shirt,UPI,35.0
B-25838,81,19,7,Clothing,Hankerchief,COD,11.571428571428571
B-25943,137,38,5,Clothing,Hankerchief,Debit Card,27.4
B-25780,137,-41,3,Electronics,Phones,Debit Card,45.666666666666664
B-25949,140,57,2,Clothing,Trousers,Debit Card,70.0
B-25892,139,30,3,Clothing,Shirt,UPI,46.333333333333336
B-26054,138,11,5,Clothing,Stole,UPI,27.6
B-25988,79,-124,9,Clothing,Skirt,COD,8.777777777777779
B-25939,136,41,3,Electronics,Accessories,UPI,45.333333333333336
B-26083,145,16,3,Clothing,T-shirt,Debit Card,48.333333333333336
B-26078,44,20,2,Clothing,T-shirt,UPI,22.0
B-25902,79,6,7,Clothing,Saree,COD,11.285714285714286
B-25676,79,36,4,Clothing,Shirt,COD,19.75
B-26016,134,-13,3,Electronics,Electronic Games,UPI,44.666666666666664
B-25950,133,5,5,Clothing,Stole,UPI,26.6
B-26056,47,20,7,Clothing,Hankerchief,UPI,6.714285714285714
B-25645,133,-42,1,Electronics,Printers,UPI,133.0
B-25906,78,27,3,Clothing,Stole,COD,26.0
B-26017,78,7,1,Furniture,Chairs,COD,78.0
B-25644,76,-92,8,Furniture,Furnishings,COD,9.5
B-25679,76,-50,1,Clothing,Saree,COD,76.0
B-25854,76,19,3,Clothing,Hankerchief,COD,25.333333333333332
B-25670,74,29,3,Clothing,Stole,COD,24.666666666666668
B-25792,74,-25,3,Clothing,Stole,COD,24.666666666666668
B-25808,146,-63,3,Electronics,Electronic Games,Debit Card,48.666666666666664
B-25750,73,-31,1,Furniture,Bookcases,COD,73.0
B-26051,80,22,3,Clothing,Stole,UPI,26.666666666666668
B-26076,133,46,5,Clothing,Shirt,EMI,26.6
B-25946,146,7,2,Electronics,Phones,Debit Card,73.0
B-25648,130,-41,4,Clothing,Saree,EMI,32.5
B-25992,141,41,3,Clothing,Shirt,UPI,47.0
B-25848,147,21,3,Furniture,Furnishings,Debit Card,49.0
B-25697,73,-7,1,Electronics,Phones,COD,73.0
B-25659,148,72,7,Clothing,T-shirt,Debit Card,21.142857142857142
B-25716,58,0,4,Clothing,Saree,UPI,14.5
B-25652,21,-13,3,Clothing,Leggings,UPI,7.0
B-26093,148,25,3,Clothing,Saree,Debit Card,49.333333333333336
B-25725,144,-7,4,Electronics,Electronic Games,COD,36.0
B-25661,145,-104,5,Furniture,Chairs,UPI,29.0
B-25693,72,-49,1,Electronics,Phones,COD,72.0
B-25910,125,15,5,Clothing,Shirt,EMI,25.0
B-25943,149,15,3,Clothing,Saree,Debit Card,49.666666666666664
B-26100,72,16,2,Clothing,Shirt,COD,36.0
B-25830,71,0,8,Clothing,Skirt,COD,8.875
B-25932,71,-14,4,Furniture,Furnishings,COD,17.75
B-25929,154,-85,3,Furniture,Chairs,EMI,51.333333333333336
B-25708,191,13,8,Furniture,Furnishings,COD,23.875
B-25921,170,19,5,Clothing,T-shirt,UPI,34.0
B-25755,47,-3,2,Clothing,Stole,UPI,23.5
B-25640,122,-47,4,Clothing,Saree,EMI,30.5
B-25838,70,26,5,Clothing,Hankerchief,COD,14.0
B-26025,155,5,3,Clothing,Stole,EMI,51.666666666666664
B-25789,67,-86,9,Furniture,Furnishings,COD,7.444444444444445
B-25697,67,-42,3,Clothing,Stole,COD,22.333333333333332
B-25797,148,-101,2,Furniture,Bookcases,UPI,74.0
B-26064,122,38,6,Clothing,T-shirt,Credit Card,20.333333333333332
B-25732,16,-5,2,Clothing,Stole,UPI,8.0
B-25654,121,-17,3,Furniture,Furnishings,Credit Card,40.333333333333336
B-25750,42,-15,12,Clothing,Skirt,UPI,3.5
B-25751,65,-4,6,Clothing,Hankerchief,COD,10.833333333333334
B-25889,119,-43,7,Clothing,Kurti,Credit Card,17.0
B-25683,155,56,3,Furniture,Furnishings,EMI,51.666666666666664
B-25602,119,-5,8,Clothing,Saree,Credit Card,14.875
B-25871,118,25,4,Clothing,Hankerchief,Credit Card,29.5
B-25953,116,22,1,Electronics,Accessories,Credit Card,116.0
B-25950,158,-29,10,Clothing,Hankerchief,EMI,15.8
B-26091,158,69,3,Clothing,Stole,EMI,52.666666666666664
B-25753,65,-52,3,Electronics,Accessories,COD,21.666666666666668
B-25611,160,-59,2,Clothing,Saree,EMI,80.0
B-25935,162,20,3,Furniture,Chairs,EMI,54.0
B-25886,63,1,4,Clothing,T-shirt,COD,15.75
B-25833,64,27,5,Clothing,Hankerchief,UPI,12.8
B-25665,166,-113,4,Electronics,Accessories,EMI,41.5
B-25694,167,43,7,Clothing,T-shirt,EMI,23.857142857142858
B-25668,123,17,3,Furniture,Furnishings,COD,41.0
B-25945,63,14,2,Clothing,Shirt,COD,31.5
B-25954,891,0,5,Clothing,Saree,COD,178.2
B-25818,75,28,9,Clothing,Hankerchief,UPI,8.333333333333334
B-25861,62,6,5,Clothing,Hankerchief,COD,12.4
B-25721,29,-18,7,Clothing,Skirt,UPI,4.142857142857143
B-26024,168,18,6,Clothing,Stole,Debit Card,28.0
B-26056,70,24,3,Clothing,Stole,UPI,23.333333333333332
B-26050,169,55,4,Clothing,Saree,Debit Card,42.25
B-25708,32,-8,2,Clothing,Stole,COD,16.0
B-25651,44,-8,3,Clothing,Stole,UPI,14.666666666666666
B-25616,116,-56,5,Clothing,Stole,Credit Card,23.2
B-25827,156,21,3,Furniture,Chairs,COD,52.0
B-25996,62,6,6,Clothing,Skirt,COD,10.333333333333334
B-25830,54,1,2,Clothing,Saree,UPI,27.0
B-25951,111,11,9,Clothing,Hankerchief,Credit Card,12.333333333333334
B-25713,158,-63,4,Furniture,Chairs,UPI,39.5
B-25678,7,-3,2,Clothing,Skirt,UPI,3.5
B-25901,61,28,2,Clothing,Hankerchief,UPI,30.5
B-25798,61,-50,4,Clothing,Hankerchief,COD,15.25
B-25902,154,26,4,Electronics,Accessories,COD,38.5
B-25851,62,1,3,Clothing,Saree,COD,20.666666666666668
B-25944,169,38,3,Clothing,Saree,Debit Card,56.333333333333336
B-25939,61,18,2,Electronics,Accessories,COD,30.5
B-25656,61,-23,2,Clothing,Saree,COD,30.5
B-25695,171,14,9,Clothing,Shirt,Debit Card,19.0
B-25781,60,-49,8,Clothing,Hankerchief,COD,7.5
B-25783,25,-11,1,Clothing,Stole,UPI,25.0
B-25867,163,26,4,Clothing,Shirt,COD,40.75
B-25993,173,86,1,Electronics,Printers,Debit Card,173.0
B-25755,257,-3,2,Furniture,Bookcases,UPI,128.5
B-25880,108,37,2,Clothing,Stole,Credit Card,54.0
B-25941,177,41,4,Clothing,Shirt,Debit Card,44.25
B-25757,106,15,7,Clothing,Hankerchief,Credit Card,15.142857142857142
B-25754,41,-14,5,Clothing,Leggings,UPI,8.2
B-25653,168,-10,3,Electronics,Accessories,UPI,56.0
B-25821,60,21,4,Clothing,Stole,COD,15.0
B-25706,31,-11,4,Clothing,Stole,COD,7.75
B-26064,179,0,2,Clothing,Saree,Debit Card,89.5
B-25803,106,12,3,Clothing,Trousers,Credit Card,35.333333333333336
B-26076,60,13,2,Clothing,T-shirt,COD,30.0
B-25603,180,5,3,Clothing,Trousers,Debit Card,60.0
B-25903,60,-10,2,Furniture,Furnishings,COD,30.0
B-25938,59,25,3,Clothing,Stole,COD,19.666666666666668
B-25868,170,73,2,Electronics,Accessories,UPI,85.0
B-25956,59,10,2,Clothing,Hankerchief,COD,29.5
B-25652,24,-21,7,Clothing,Skirt,COD,3.4285714285714284
B-25883,105,-26,8,Clothing,Leggings,Credit Card,13.125
B-26096,103,46,2,Clothing,Saree,Credit Card,51.5
B-25969,171,17,6,Clothing,T-shirt,UPI,28.5
B-25951,102,13,2,Clothing,Stole,Credit Card,51.0
B-25855,98,12,2,Clothing,Hankerchief,Credit Card,49.0
B-26091,59,10,4,Clothing,Leggings,COD,14.75
B-25954,189,60,4,Furniture,Furnishings,Debit Card,47.25
B-25763,58,-52,3,Furniture,Chairs,COD,19.333333333333332
B-25945,60,3,3,Clothing,Saree,UPI,20.0
B-25740,58,-8,2,Clothing,Saree,COD,29.0
B-25818,94,20,2,Furniture,Furnishings,UPI,47.0
B-25603,193,-166,3,Clothing,Saree,EMI,64.33333333333333
B-25964,199,0,4,Clothing,Stole,EMI,49.75
B-25930,202,89,9,Clothing,T-shirt,EMI,22.444444444444443
B-25930,58,17,2,Clothing,Hankerchief,COD,29.0
B-25879,57,-28,2,Clothing,Kurti,COD,28.5
B-25903,204,-94,4,Clothing,Hankerchief,EMI,51.0
B-25614,98,-12,2,Electronics,Electronic Games,Credit Card,49.0
B-25750,22,-12,3,Clothing,Stole,COD,7.333333333333333
B-25852,97,17,2,Clothing,Stole,Credit Card,48.5
B-26008,57,24,5,Clothing,Leggings,COD,11.4
B-26092,97,14,2,Clothing,T-shirt,Credit Card,48.5
B-25689,97,17,2,Clothing,Stole,Credit Card,48.5
B-25730,96,22,5,Clothing,Stole,Credit Card,19.2
B-25885,94,27,2,Clothing,Shirt,Credit Card,47.0
B-25999,26,-17,1,Clothing,Stole,COD,26.0
B-26011,93,44,2,Clothing,Stole,Credit Card,46.5
B-25754,93,-65,4,Clothing,Stole,Credit Card,23.25
B-26030,92,5,6,Clothing,Hankerchief,Credit Card,15.333333333333334
B-25851,57,27,2,Clothing,T-shirt,COD,28.5
B-25870,57,7,3,Furniture,Furnishings,COD,19.0
B-26074,57,21,4,Clothing,Leggings,COD,14.25
B-25861,128,4,3,Clothing,Saree,COD,42.666666666666664
B-25797,89,-4,5,Clothing,Saree,Credit Card,17.8
B-25993,221,26,7,Furniture,Furnishings,COD,31.571428571428573
B-25799,205,-119,3,Clothing,Saree,Debit Card,68.33333333333333
B-25721,191,51,5,Clothing,Shirt,UPI,38.2
B-26056,206,18,4,Clothing,Hankerchief,Debit Card,51.5
B-25743,56,0,4,Clothing,Hankerchief,COD,14.0
B-25854,88,16,4,Clothing,Stole,Credit Card,22.0
B-25748,224,58,3,Electronics,Phones,UPI,74.66666666666667
B-25976,193,8,4,Clothing,T-shirt,UPI,48.25
B-25953,87,36,5,Clothing,Stole,Credit Card,17.4
B-25996,189,4,1,Clothing,Saree,UPI,189.0
B-25717,55,-33,2,Furniture,Chairs,COD,27.5
B-25865,85,-1,3,Clothing,Saree,Credit Card,28.333333333333332
B-25959,252,56,2,Electronics,Phones,UPI,126.0
B-25855,197,73,1,Furniture,Bookcases,COD,197.0
B-25703,17,-3,2,Clothing,Stole,UPI,8.5
B-26049,100,28,2,Clothing,Hankerchief,UPI,50.0
B-25755,80,-19,5,Clothing,Stole,UPI,16.0
B-26070,75,29,1,Clothing,Trousers,UPI,75.0
B-25755,26,4,2,Clothing,Saree,UPI,13.0
B-26047,55,12,5,Clothing,Skirt,COD,11.0
B-25604,157,5,9,Clothing,Saree,UPI,17.444444444444443
B-25651,200,-60,4,Furniture,Bookcases,UPI,50.0
B-25983,230,5,2,Clothing,Saree,UPI,115.0
B-26056,213,-145,3,Furniture,Bookcases,Debit Card,71.0
B-25940,55,4,2,Clothing,Stole,COD,27.5
B-25766,220,-19,2,Clothing,Saree,Debit Card,110.0
B-25935,150,32,3,Clothing,Hankerchief,COD,50.0
B-25970,203,84,2,Electronics,Printers,UPI,101.5
B-26053,93,31,3,Electronics,Accessories,UPI,31.0
B-25947,290,35,6,Clothing,Hankerchief,COD,48.333333333333336
B-25856,48,6,1,Clothing,Saree,COD,48.0
B-26030,221,35,4,Electronics,Accessories,Debit Card,55.25
B-26069,55,18,2,Clothing,Kurti,COD,27.5
B-25653,227,102,8,Electronics,Accessories,Debit Card,28.375
B-25627,55,-39,4,Clothing,Stole,COD,13.75
B-25947,207,33,2,Electronics,Accessories,UPI,103.5
B-25801,64,6,4,Clothing,Saree,COD,16.0
B-25964,89,6,5,Clothing,Saree,COD,17.8
B-25950,54,27,2,Clothing,Stole,COD,27.0
B-25878,84,41,3,Clothing,T-shirt,Credit Card,28.0
B-25773,209,-21,2,Electronics,Electronic Games,UPI,104.5
B-26081,79,33,4,Clothing,Stole,UPI,19.75
B-26027,54,8,4,Clothing,T-shirt,COD,13.5
B-25967,229,59,9,Clothing,Saree,Debit Card,25.444444444444443
B-25901,158,38,3,Clothing,Hankerchief,UPI,52.666666666666664
B-25951,248,105,2,Electronics,Phones,Debit Card,124.0
B-25853,199,6,2,Clothing,Saree,UPI,99.5
B-25923,253,-11,1,Clothing,Trousers,Debit Card,253.0
B-25793,257,-252,4,Clothing,Saree,Debit Card,64.25
B-26068,193,33,5,Electronics,Accessories,COD,38.6
B-26080,109,35,6,Clothing,T-shirt,COD,18.166666666666668
B-25843,214,30,3,Electronics,Accessories,COD,71.33333333333333
B-26002,141,7,7,Clothing,Saree,COD,20.142857142857142
B-25993,201,32,4,Furniture,Furnishings,UPI,50.25
B-26070,54,12,4,Clothing,Shirt,COD,13.5
B-25887,83,6,6,Clothing,Shirt,EMI,13.833333333333334
B-25654,54,-3,3,Clothing,Saree,COD,18.0
B-25898,53,5,3,Clothing,T-shirt,COD,17.666666666666668
B-25664,258,-27,2,Electronics,Phones,Debit Card,129.0
B-26012,199,8,2,Clothing,Saree,COD,99.5
B-25979,82,-27,3,Clothing,Kurti,EMI,27.333333333333332
B-26054,139,36,3,Clothing,Stole,COD,46.333333333333336
B-25757,53,15,2,Clothing,Stole,COD,26.5
B-25623,53,1,4,Clothing,Stole,COD,13.25
B-25824,101,38,2,Furniture,Furnishings,COD,50.5
B-25754,262,215,2,Electronics,Printers,Debit Card,131.0
B-25693,82,-39,5,Clothing,T-shirt,EMI,16.4
B-25638,154,39,3,Clothing,Hankerchief,COD,51.333333333333336
B-25922,52,18,2,Clothing,Stole,COD,26.0
B-25919,1599,37,6,Electronics,Electronic Games,UPI,266.5
B-25989,338,41,7,Clothing,Hankerchief,UPI,48.285714285714285
B-25999,51,-49,2,Electronics,Electronic Games,COD,25.5
B-25661,224,-81,3,Furniture,Chairs,COD,74.66666666666667
B-26099,207,37,4,Clothing,Hankerchief,COD,51.75
B-25866,51,14,2,Clothing,Stole,COD,25.5
B-26098,82,8,3,Electronics,Accessories,EMI,27.333333333333332
B-26062,50,-17,2,Clothing,Stole,COD,25.0
B-25761,263,-31,9,Electronics,Electronic Games,Debit Card,29.22222222222222
B-25843,50,7,6,Clothing,Skirt,COD,8.333333333333334
B-25683,245,-3,4,Electronics,Phones,UPI,61.25
B-25959,82,24,6,Clothing,Hankerchief,EMI,13.666666666666666
B-25787,229,-41,8,Electronics,Accessories,COD,28.625
B-25951,50,14,1,Electronics,Electronic Games,COD,50.0
B-26056,220,40,2,Electronics,Accessories,COD,110.0
B-25643,263,-63,2,Electronics,Electronic Games,Debit Card,131.5
B-26093,81,-41,5,Clothing,Leggings,EMI,16.2
B-25775,50,-17,2,Clothing,Stole,COD,25.0
B-26093,49,5,4,Clothing,Hankerchief,COD,12.25
B-25851,237,47,9,Clothing,T-shirt,UPI,26.333333333333332
B-25685,264,-30,3,Furniture,Furnishings,Debit Card,88.0
B-25651,49,3,1,Clothing,Shirt,COD,49.0
B-25793,63,-24,6,Clothing,Kurti,COD,10.5
B-25708,81,-51,7,Clothing,Stole,EMI,11.571428571428571
B-25847,264,71,10,Furniture,Furnishings,Debit Card,26.4
B-25954,48,11,2,Clothing,Shirt,COD,24.0
B-25997,48,15,1,Clothing,Hankerchief,COD,48.0
B-25650,245,-78,2,Electronics,Printers,UPI,122.5
B-25883,146,42,5,Clothing,Hankerchief,UPI,29.2
B-25945,245,10,2,Furniture,Bookcases,COD,122.5
B-25981,245,91,2,Furniture,Bookcases,UPI,122.5
B-25862,80,3,3,Clothing,Stole,EMI,26.666666666666668
B-25877,269,33,5,Furniture,Chairs,Debit Card,53.8
B-26090,80,22,3,Clothing,Stole,EMI,26.666666666666668
B-26050,284,44,6,Clothing,Hankerchief,COD,47.333333333333336
B-26072,313,44,3,Electronics,Electronic Games,COD,104.33333333333333
B-25916,80,-26,9,Clothing,Skirt,EMI,8.88888888888889
B-25722,48,-8,8,Clothing,Stole,COD,6.0
B-25746,87,16,2,Clothing,Saree,UPI,43.5
B-25753,47,-114,5,Furniture,Furnishings,COD,9.4
B-25956,140,28,2,Electronics,Phones,COD,70.0
B-25996,47,1,2,Clothing,Stole,COD,23.5
B-25896,79,-2,2,Furniture,Furnishings,EMI,39.5
B-25796,78,-64,7,Clothing,Stole,EMI,11.142857142857142
B-25798,47,-3,2,Clothing,Stole,COD,23.5
B-26043,185,48,4,Clothing,Stole,UPI,46.25
B-26028,77,36,2,Clothing,Shirt,EMI,38.5
B-25812,259,47,5,Clothing,Hankerchief,UPI,51.8
B-25605,75,0,7,Clothing,Saree,EMI,10.714285714285714
B-25702,75,0,3,Clothing,Shirt,EMI,25.0
B-25940,46,0,4,Clothing,Leggings,COD,11.5
B-26087,46,13,3,Clothing,Hankerchief,COD,15.333333333333334
B-25955,200,13,5,Electronics,Phones,COD,40.0
B-25626,46,-14,1,Electronics,Phones,COD,46.0
B-25811,126,52,4,Clothing,Hankerchief,UPI,31.5
B-25856,74,29,3,Clothing,Stole,EMI,24.666666666666668
B-25628,45,13,4,Clothing,Skirt,COD,11.25
B-26016,74,9,3,Clothing,Shirt,UPI,24.666666666666668
B-25999,129,11,2,Electronics,Phones,UPI,64.5
B-26043,122,50,7,Clothing,Stole,UPI,17.428571428571427
B-25743,74,-51,3,Clothing,Stole,UPI,24.666666666666668
B-26014,278,39,5,Furniture,Chairs,Debit Card,55.6
B-25876,282,14,4,Clothing,Trousers,Debit Card,70.5
B-25785,45,0,2,Clothing,T-shirt,COD,22.5
B-25810,45,6,3,Clothing,Shirt,COD,15.0
B-25833,45,16,3,Clothing,Stole,COD,15.0
B-25931,73,-36,3,Furniture,Chairs,UPI,24.333333333333332
B-25852,45,12,4,Clothing,Hankerchief,COD,11.25
B-25738,72,-6,3,Clothing,Saree,UPI,24.0
B-25921,71,-44,5,Electronics,Accessories,UPI,14.2
B-25685,45,-2,4,Clothing,Shirt,COD,11.25
B-25996,286,140,6,Clothing,Shirt,Debit Card,47.666666666666664
B-25663,294,138,2,Electronics,Printers,Debit Card,147.0
B-25888,223,4,3,Electronics,Phones,COD,74.33333333333333
B-25677,20,-2,1,Electronics,Accessories,UPI,20.0
B-26045,302,75,6,Furniture,Furnishings,Debit Card,50.333333333333336
B-26002,113,28,2,Clothing,Saree,UPI,56.5
B-25953,44,2,3,Clothing,Hankerchief,COD,14.666666666666666
B-25617,305,-270,5,Electronics,Electronic Games,Debit Card,61.0
B-25702,306,-147,3,Clothing,Saree,Debit Card,102.0
B-25799,70,-64,5,Clothing,Stole,UPI,14.0
B-25985,44,11,4,Clothing,Stole,COD,11.0
B-25952,44,14,3,Clothing,Hankerchief,COD,14.666666666666666
B-25754,319,312,5,Clothing,Saree,Debit Card,63.8
B-25770,287,-280,12,Furniture,Chairs,UPI,23.916666666666668
B-25954,44,10,3,Clothing,Stole,COD,14.666666666666666
B-25657,288,-180,4,Furniture,Chairs,COD,72.0
B-25801,49,-31,2,Clothing,Stole,COD,24.5
B-26000,43,-10,4,Clothing,Skirt,COD,10.75
B-25897,43,5,3,Clothing,Stole,COD,14.333333333333334
B-25681,68,-27,3,Electronics,Accessories,UPI,22.666666666666668
B-25852,320,144,1,Electronics,Printers,Debit Card,320.0
B-26067,67,2,4,Clothing,T-shirt,UPI,16.75
B-25601,66,-12,5,Clothing,Stole,UPI,13.2
B-25804,321,26,3,Electronics,Printers,Debit Card,107.0
B-25751,43,-5,2,Clothing,Saree,COD,21.5
B-25630,114,-39,5,Clothing,Kurti,COD,22.8
B-25899,43,17,1,Clothing,Saree,COD,43.0
B-25751,43,21,3,Clothing,Shirt,COD,14.333333333333334
B-26081,637,50,5,Clothing,Saree,COD,127.4
B-25851,300,42,2,Electronics,Printers,COD,150.0
B-26036,341,44,7,Furniture,Furnishings,UPI,48.714285714285715
B-25704,102,0,3,Electronics,Phones,COD,34.0
B-25761,328,-15,3,Electronics,Electronic Games,Debit Card,109.33333333333333
B-25978,341,160,7,Clothing,Stole,Debit Card,48.714285714285715
B-26077,62,11,7,Clothing,Hankerchief,UPI,8.857142857142858
B-25981,42,13,3,Clothing,Leggings,COD,14.0
B-26043,62,28,5,Clothing,Hankerchief,UPI,12.4
B-25896,42,7,2,Clothing,Kurti,COD,21.0
B-25790,42,-3,1,Electronics,Electronic Games,COD,42.0
B-25789,313,-13,5,Furniture,Bookcases,UPI,62.6
B-26061,109,52,2,Clothing,Stole,UPI,54.5
B-25923,226,58,3,Electronics,Accessories,COD,75.33333333333333
B-25868,62,-1,1,Electronics,Phones,UPI,62.0
B-25777,61,-25,4,Electronics,Accessories,UPI,15.25
B-25999,222,74,5,Clothing,Hankerchief,COD,44.4
B-25854,342,-154,7,Furniture,Furnishings,Debit Card,48.857142857142854
B-25667,344,-34,3,Clothing,Saree,Debit Card,114.66666666666667
B-25829,345,38,7,Clothing,Hankerchief,Debit Card,49.285714285714285
B-25705,46,0,2,Electronics,Electronic Games,COD,23.0
B-25843,255,74,5,Clothing,Hankerchief,COD,51.0
B-25958,360,32,3,Clothing,Saree,UPI,120.0
B-25893,372,59,3,Electronics,Printers,UPI,124.0
B-25855,61,30,2,Clothing,Hankerchief,UPI,30.5
B-25616,42,12,5,Clothing,Hankerchief,COD,8.4
B-25630,42,-26,2,Clothing,Kurti,COD,21.0
B-25936,61,25,4,Clothing,Saree,UPI,15.25
B-25830,41,11,6,Clothing,Hankerchief,COD,6.833333333333333
B-25930,40,13,3,Clothing,T-shirt,COD,13.333333333333334
B-25808,59,21,2,Clothing,Stole,UPI,29.5
B-25979,57,27,2,Clothing,Shirt,UPI,28.5
B-25687,17,6,1,Clothing,Stole,UPI,17.0
B-26087,40,10,2,Clothing,Stole,COD,20.0
B-25764,349,-24,2,Clothing,Saree,Debit Card,174.5
B-25782,335,-22,7,Furniture,Chairs,UPI,47.857142857142854
B-25854,40,16,3,Clothing,Hankerchief,COD,13.333333333333334
B-26085,40,17,2,Clothing,Stole,COD,20.0
B-25630,40,-7,3,Clothing,Stole,COD,13.333333333333334
B-25999,352,74,8,Clothing,Stole,Debit Card,44.0
B-25648,55,-26,4,Clothing,Saree,UPI,13.75
B-25952,352,18,5,Clothing,Trousers,Debit Card,70.4
B-25710,53,-18,4,Clothing,T-shirt,UPI,13.25
B-25685,51,7,2,Furniture,Furnishings,UPI,25.5
B-25740,40,-37,3,Clothing,Stole,COD,13.333333333333334
B-25973,39,14,5,Clothing,Leggings,COD,7.8
B-25769,355,-4,2,Clothing,Saree,Debit Card,177.5
B-25687,357,139,2,Clothing,Saree,Debit Card,178.5
B-25603,38,18,1,Clothing,Kurti,COD,38.0
B-26050,38,9,2,Clothing,Stole,COD,19.0
B-25748,141,10,4,Clothing,Shirt,UPI,35.25
B-25833,36,4,9,Clothing,Hankerchief,COD,4.0
B-25930,351,-94,5,Electronics,Electronic Games,COD,70.2
B-26035,369,15,3,Electronics,Electronic Games,Debit Card,123.0
B-25851,53,24,6,Clothing,Hankerchief,EMI,8.833333333333334
B-25718,371,115,1,Furniture,Bookcases,Debit Card,371.0
B-25898,499,33,4,Clothing,Saree,COD,124.75
B-25893,223,62,7,Clothing,Shirt,COD,31.857142857142858
B-25983,50,-4,6,Clothing,T-shirt,EMI,8.333333333333334
B-26056,391,90,6,Electronics,Phones,Debit Card,65.16666666666667
B-25715,416,137,3,Electronics,Phones,Debit Card,138.66666666666666
B-25702,424,-17,9,Furniture,Chairs,Debit Card,47.111111111111114
B-25618,362,127,1,Furniture,Bookcases,COD,362.0
B-25643,36,-7,1,Electronics,Electronic Games,COD,36.0
B-25961,34,-10,3,Clothing,Skirt,COD,11.333333333333334
B-25873,367,73,3,Electronics,Electronic Games,UPI,122.33333333333333
B-26053,425,208,7,Clothing,Saree,Debit Card,60.714285714285715
B-25683,433,26,3,Electronics,Printers,Debit Card,144.33333333333334
B-25718,460,31,3,Furniture,Bookcases,Debit Card,153.33333333333334
B-25753,62,-56,5,Clothing,Kurti,COD,12.4
B-25852,50,16,1,Clothing,Stole,EMI,50.0
B-25914,460,-143,3,Furniture,Chairs,Debit Card,153.33333333333334
B-26083,34,3,3,Clothing,Saree,COD,11.333333333333334
B-25857,227,59,2,Furniture,Furnishings,UPI,113.5
B-25939,469,33,4,Electronics,Electronic Games,Debit Card,117.25
B-25851,103,46,2,Clothing,Saree,UPI,51.5
B-25699,34,-13,5,Clothing,Leggings,COD,6.8
B-26078,137,63,3,Clothing,Stole,COD,45.666666666666664
B-26075,34,12,2,Clothing,Stole,COD,17.0
B-25956,474,56,4,Electronics,Phones,Debit Card,118.5
B-25861,50,3,2,Clothing,Stole,EMI,25.0
B-25777,69,-67,4,Clothing,Kurti,UPI,17.25
B-25634,389,-83,3,Furniture,Chairs,UPI,129.66666666666666
B-25753,77,-43,8,Clothing,Stole,COD,9.625
B-25687,51,21,3,Clothing,T-shirt,COD,17.0
B-25885,394,146,2,Furniture,Bookcases,UPI,197.0
B-25767,48,-22,2,Clothing,Saree,EMI,24.0
B-25961,34,-12,5,Clothing,Leggings,COD,6.8
B-25923,484,28,3,Electronics,Printers,Debit Card,161.33333333333334
B-25799,47,-27,4,Clothing,Saree,EMI,11.75
B-25955,45,8,4,Clothing,Skirt,EMI,11.25
B-26015,128,55,1,Clothing,Saree,COD,128.0
B-26051,669,74,5,Furniture,Bookcases,COD,133.8
B-25822,34,13,2,Clothing,Saree,COD,17.0
B-25989,44,14,3,Clothing,Hankerchief,Credit Card,14.666666666666666
B-25910,33,1,2,Clothing,Shirt,COD,16.5
B-25956,33,10,3,Clothing,Hankerchief,COD,11.0
B-25986,487,-23,3,Electronics,Printers,Debit Card,162.33333333333334
B-26098,497,179,3,Furniture,Chairs,Debit Card,165.66666666666666
B-26061,508,203,2,Electronics,Accessories,Debit Card,254.0
B-25954,524,-25,2,Electronics,Electronic Games,Debit Card,262.0
B-26034,425,183,5,Electronics,Accessories,UPI,85.0
B-25909,168,56,3,Clothing,Saree,COD,56.0
B-25692,141,28,7,Furniture,Furnishings,UPI,20.142857142857142
B-25959,429,17,3,Furniture,Chairs,UPI,143.0
B-25745,44,-8,3,Clothing,Stole,Credit Card,14.666666666666666
B-25689,149,136,3,Clothing,Stole,UPI,49.666666666666664
B-25786,44,-34,3,Clothing,Stole,Credit Card,14.666666666666666
B-25897,33,10,3,Clothing,Hankerchief,COD,11.0
B-26056,33,9,2,Clothing,Hankerchief,COD,16.5
B-25855,442,31,2,Electronics,Electronic Games,UPI,221.0
B-25667,41,6,5,Clothing,Skirt,Credit Card,8.2
B-25701,33,-12,5,Clothing,Hankerchief,COD,6.6
B-26046,32,3,8,Clothing,Hankerchief,COD,4.0
B-25676,32,6,3,Clothing,Shirt,COD,10.666666666666666
B-26045,179,77,1,Clothing,Saree,UPI,179.0
B-25889,31,10,1,Clothing,Kurti,COD,31.0
B-25900,140,68,5,Clothing,T-shirt,COD,28.0
B-25685,529,137,3,Electronics,Phones,Debit Card,176.33333333333334
B-25622,534,0,3,Clothing,Saree,Debit Card,178.0
B-25709,41,-6,1,Furniture,Chairs,Credit Card,41.0
B-25798,379,63,2,Clothing,Saree,COD,189.5
B-25933,81,-44,3,Clothing,Stole,COD,27.0
B-25793,40,-33,5,Clothing,Hankerchief,Credit Card,8.0
B-25951,40,18,1,Electronics,Accessories,Credit Card,40.0
B-25656,534,0,3,Clothing,Saree,Debit Card,178.0
B-26056,31,9,2,Clothing,Hankerchief,COD,15.5
B-25870,473,-113,9,Clothing,Hankerchief,UPI,52.55555555555556
B-25690,31,-10,3,Clothing,Skirt,COD,10.333333333333334
B-25702,31,-3,4,Clothing,Saree,COD,7.75
B-25752,91,15,6,Clothing,T-shirt,UPI,15.166666666666666
B-25781,30,-25,2,Clothing,T-shirt,COD,15.0
B-26038,30,6,1,Clothing,T-shirt,COD,30.0
B-25761,40,0,3,Clothing,Saree,Credit Card,13.333333333333334
B-25751,534,5,2,Electronics,Electronic Games,Debit Card,267.0
B-25750,539,-146,7,Furniture,Furnishings,Debit Card,77.0
B-25726,490,-128,8,Furniture,Bookcases,UPI,61.25
B-26048,163,81,2,Electronics,Accessories,COD,81.5
B-26051,184,85,6,Clothing,T-shirt,UPI,30.666666666666668
B-25614,494,54,4,Furniture,Bookcases,COD,123.5
B-25907,30,11,5,Clothing,Hankerchief,COD,6.0
B-25789,30,0,1,Clothing,Kurti,COD,30.0
B-26097,39,-18,2,Clothing,Leggings,Credit Card,19.5
B-25902,1700,85,3,Clothing,Trousers,COD,566.6666666666666
B-25657,332,-43,6,Electronics,Phones,UPI,55.333333333333336
B-25854,436,131,9,Clothing,Hankerchief,UPI,48.44444444444444
B-25610,30,-5,2,Furniture,Furnishings,COD,15.0
B-25733,30,-10,2,Clothing,Stole,COD,15.0
B-25798,38,-13,3,Clothing,Stole,Credit Card,12.666666666666666
B-25803,511,194,3,Furniture,Chairs,UPI,170.33333333333334
B-25755,37,-53,3,Clothing,Saree,Credit Card,12.333333333333334
B-25850,513,215,2,Electronics,Accessories,COD,256.5
B-25667,516,69,4,Furniture,Bookcases,UPI,129.0
B-25796,559,-19,2,Clothing,Trousers,Debit Card,279.5
B-26013,29,-10,3,Clothing,Skirt,COD,9.666666666666666
B-25683,148,52,5,Clothing,Stole,UPI,29.6
B-26054,559,-174,2,Electronics,Electronic Games,Debit Card,279.5
B-26010,527,26,3,Electronics,Electronic Games,COD,175.66666666666666
B-25979,560,44,3,Clothing,Saree,Debit Card,186.66666666666666
B-25973,571,108,12,Clothing,Stole,Debit Card,47.583333333333336
B-25975,29,2,3,Clothing,Skirt,COD,9.666666666666666
B-26010,29,3,2,Clothing,Stole,COD,14.5
B-25767,29,-3,3,Clothing,Saree,COD,9.666666666666666
B-25815,35,14,2,Clothing,Stole,Credit Card,17.5
B-25853,579,139,3,Electronics,Printers,Debit Card,193.0
B-25756,29,-24,4,Clothing,Leggings,COD,7.25
B-25755,593,213,4,Furniture,Bookcases,Debit Card,148.25
B-25996,217,72,2,Furniture,Furnishings,COD,108.5
B-25619,353,90,8,Clothing,Saree,COD,44.125
B-26050,382,92,2,Electronics,Printers,COD,191.0
B-26000,597,93,4,Furniture,Chairs,Debit Card,149.25
B-26058,212,97,7,Clothing,Hankerchief,COD,30.285714285714285
B-25856,689,90,5,Clothing,Saree,COD,137.8
B-26044,28,-10,3,Clothing,Skirt,COD,9.333333333333334
B-25654,34,12,3,Clothing,Hankerchief,Credit Card,11.333333333333334
B-26051,600,-102,5,Electronics,Electronic Games,Debit Card,120.0
B-25636,637,113,5,Clothing,Saree,UPI,127.4
B-25710,616,-69,7,Furniture,Furnishings,Debit Card,88.0
B-25656,624,37,2,Electronics,Electronic Games,Debit Card,312.0
B-25919,28,4,1,Clothing,T-shirt,COD,28.0
B-25781,584,-444,7,Electronics,Printers,UPI,83.42857142857143
B-25899,28,6,4,Clothing,Skirt,COD,7.0
B-26093,33,-1,1,Clothing,Saree,Credit Card,33.0
B-25753,27,-20,2,Clothing,Hankerchief,COD,13.5
B-25858,27,5,2,Clothing,Skirt,COD,13.5
B-25762,27,4,3,Clothing,Skirt,COD,9.0
B-25625,635,-349,5,Clothing,Saree,Debit Card,127.0
B-25857,598,166,4,Furniture,Bookcases,UPI,149.5
B-25919,636,-204,2,Electronics,Printers,Debit Card,318.0
B-25864,27,9,2,Clothing,Hankerchief,COD,13.5
B-25698,27,-6,4,Clothing,Hankerchief,COD,6.75
B-25959,637,212,8,Electronics,Phones,Debit Card,79.625
B-26073,290,110,9,Clothing,Stole,UPI,32.22222222222222
B-25649,27,-25,2,Clothing,Stole,COD,13.5
B-25806,632,-114,4,Furniture,Tables,UPI,158.0
B-25756,643,-45,2,Electronics,Printers,Debit Card,321.5
B-26003,652,13,6,Furniture,Furnishings,Debit Card,108.66666666666667
B-25752,33,-27,1,Furniture,Chairs,Credit Card,33.0
B-25783,26,2,2,Clothing,Hankerchief,COD,13.0
B-25802,633,-633,11,Electronics,Accessories,UPI,57.54545454545455
B-25881,26,9,2,Clothing,Leggings,COD,13.0
B-25898,191,93,4,Clothing,Shirt,UPI,47.75
B-25696,887,80,3,Electronics,Printers,UPI,295.6666666666667
B-25826,637,261,2,Electronics,Printers,COD,318.5
B-25745,670,15,5,Furniture,Bookcases,Debit Card,134.0
B-25943,26,7,4,Clothing,Hankerchief,COD,6.5
B-26051,676,195,5,Furniture,Bookcases,Debit Card,135.2
B-25624,26,12,3,Clothing,Hankerchief,COD,8.666666666666666
B-25723,26,-24,1,Clothing,Stole,COD,26.0
B-26052,25,7,2,Clothing,Stole,COD,12.5
B-25603,24,-30,1,Furniture,Chairs,COD,24.0
B-25983,32,-12,1,Furniture,Chairs,Credit Card,32.0
B-25650,31,-2,2,Clothing,Saree,Credit Card,15.5
B-25656,651,169,5,Electronics,Printers,COD,130.2
B-26018,326,107,3,Furniture,Furnishings,UPI,108.66666666666667
B-25783,30,-6,2,Clothing,Hankerchief,UPI,15.0
B-25951,30,5,2,Clothing,Kurti,UPI,15.0
B-25974,662,240,2,Furniture,Bookcases,COD,331.0
B-25754,30,-23,2,Clothing,Saree,UPI,15.0
B-26073,29,9,3,Clothing,Saree,UPI,9.666666666666666
B-25796,28,1,1,Electronics,Accessories,UPI,28.0
B-25653,28,-3,2,Clothing,Saree,UPI,14.0
B-25884,24,2,4,Clothing,Hankerchief,COD,6.0
B-25650,28,-26,2,Clothing,Stole,UPI,14.0
B-26045,27,5,1,Clothing,Stole,UPI,27.0
B-25672,27,-15,1,Clothing,Stole,UPI,27.0
B-25949,24,11,3,Clothing,Hankerchief,COD,8.0
B-25733,23,-6,4,Clothing,Hankerchief,COD,5.75
B-25697,322,193,5,Electronics,Printers,COD,64.4
B-25893,688,-103,6,Electronics,Accessories,Debit Card,114.66666666666667
B-25802,23,-3,1,Clothing,Shirt,COD,23.0
B-25961,26,3,3,Clothing,Skirt,UPI,8.666666666666666
B-25751,68,-56,2,Electronics,Phones,COD,34.0
B-25814,462,169,4,Clothing,Saree,COD,115.5
B-25702,941,203,3,Furniture,Tables,UPI,313.6666666666667
B-25896,23,4,2,Clothing,Skirt,COD,11.5
B-25969,720,43,2,Electronics,Printers,UPI,360.0
B-25778,724,-447,4,Electronics,Electronic Games,UPI,181.0
B-25859,724,253,2,Furniture,Bookcases,UPI,362.0
B-25810,26,10,4,Clothing,Hankerchief,UPI,6.5
B-25616,22,-2,3,Clothing,Hankerchief,COD,7.333333333333333
B-25633,711,-8,4,Clothing,Saree,Debit Card,177.75
B-25753,107,31,5,Clothing,T-shirt,COD,21.4
B-25764,765,-153,2,Electronics,Phones,Debit Card,382.5
B-25864,22,8,2,Clothing,Leggings,COD,11.0
B-25725,26,-5,2,Clothing,Stole,UPI,13.0
B-25858,22,8,3,Clothing,Hankerchief,COD,7.333333333333333
B-25817,743,89,5,Electronics,Printers,UPI,148.6
B-25703,22,-15,4,Clothing,Kurti,COD,5.5
B-25610,781,594,6,Electronics,Printers,Debit Card,130.16666666666666
B-25652,25,-2,5,Clothing,Hankerchief,UPI,5.0
B-25891,25,2,2,Clothing,Hankerchief,UPI,12.5
B-25764,119,43,5,Clothing,T-shirt,COD,23.8
B-25664,785,52,2,Electronics,Phones,Debit Card,392.5
B-25645,183,-66,5,Electronics,Phones,UPI,36.6
B-26008,22,4,1,Clothing,Stole,COD,22.0
B-26061,642,180,5,Clothing,Saree,COD,128.4
B-25781,767,-353,5,Clothing,Trousers,COD,153.4
B-25999,770,323,3,Electronics,Accessories,COD,256.6666666666667
B-25783,21,-17,3,Clothing,Shirt,COD,7.0
B-25800,21,-6,3,Clothing,Leggings,COD,7.0
B-26093,492,187,2,Electronics,Accessories,UPI,246.0
B-25638,816,-96,3,Electronics,Printers,Debit Card,272.0
B-26026,25,2,3,Clothing,Kurti,Credit Card,8.333333333333334
B-25902,802,120,7,Electronics,Accessories,COD,114.57142857142857
B-25968,811,154,7,Electronics,Accessories,UPI,115.85714285714286
B-26099,835,267,5,Electronics,Phones,Debit Card,167.0
B-25699,21,-5,1,Electronics,Accessories,COD,21.0
B-26076,450,-190,4,Furniture,Bookcases,COD,112.5
B-25793,24,-1,4,Clothing,Skirt,Credit Card,6.0
B-25671,832,0,3,Clothing,Trousers,UPI,277.3333333333333
B-26040,833,93,3,Clothing,Trousers,UPI,277.6666666666667
B-26059,20,6,1,Clothing,T-shirt,COD,20.0
B-25725,23,-5,7,Clothing,Hankerchief,Credit Card,3.2857142857142856
B-25855,550,-242,5,Furniture,Furnishings,UPI,110.0
B-25738,148,-91,2,Electronics,Phones,COD,74.0
B-25899,846,9,2,Furniture,Chairs,Debit Card,423.0
B-25608,856,385,6,Electronics,Printers,COD,142.66666666666666
B-25904,871,131,2,Furniture,Bookcases,UPI,435.5
B-26056,19,-18,4,Clothing,Kurti,COD,4.75
B-25669,610,-66,2,Furniture,Tables,COD,305.0
B-25638,880,97,8,Furniture,Furnishings,Debit Card,110.0
B-25953,22,-8,4,Clothing,Hankerchief,Credit Card,5.5
B-25841,22,11,2,Clothing,Skirt,Credit Card,11.0
B-26071,21,4,3,Clothing,Hankerchief,Credit Card,7.0
B-25793,18,1,3,Clothing,Hankerchief,COD,6.0
B-25813,911,202,7,Furniture,Chairs,COD,130.14285714285714
B-26010,18,2,3,Clothing,Hankerchief,COD,6.0
B-25825,911,355,5,Electronics,Phones,Debit Card,182.2
B-25630,143,-129,2,Electronics,Phones,COD,71.5
B-25986,918,22,9,Electronics,Electronic Games,COD,102.0
B-25650,925,-447,5,Electronics,Electronic Games,COD,185.0
B-26078,17,8,2,Clothing,Skirt,COD,8.5
B-25890,465,207,9,Clothing,Saree,COD,51.666666666666664
B-25691,17,-9,3,Clothing,Stole,COD,5.666666666666667
B-25952,935,114,4,Electronics,Electronic Games,UPI,233.75
B-25651,16,-10,2,Clothing,T-shirt,COD,8.0
B-25955,954,95,3,Electronics,Printers,UPI,318.0
B-25898,915,-99,3,Furniture,Tables,Debit Card,305.0
B-25838,955,305,3,Electronics,Printers,Debit Card,318.3333333333333
B-25797,976,293,4,Electronics,Accessories,COD,244.0
B-25738,1069,0,6,Clothing,Saree,EMI,178.16666666666666
B-25661,19,-15,3,Clothing,Hankerchief,Credit Card,6.333333333333333
B-25997,16,6,3,Clothing,Hankerchief,COD,5.333333333333333
B-25667,1030,206,8,Electronics,Printers,UPI,128.75
B-25753,620,82,6,Electronics,Accessories,COD,103.33333333333333
B-25848,16,8,2,Clothing,Hankerchief,COD,8.0
B-26097,19,8,2,Clothing,Hankerchief,Credit Card,9.5
B-25633,249,-130,4,Electronics,Phones,UPI,62.25
B-25807,16,6,1,Clothing,Stole,COD,16.0
B-25752,1361,197,9,Furniture,Bookcases,COD,151.22222222222223
B-26052,15,1,1,Clothing,Shirt,COD,15.0
B-25610,1076,-38,4,Electronics,Printers,COD,269.0
B-25888,18,2,3,Clothing,Hankerchief,Credit Card,6.0
B-25937,1101,352,3,Furniture,Bookcases,UPI,367.0
B-25828,15,2,1,Clothing,Leggings,COD,15.0
B-26048,1104,209,4,Clothing,Trousers,UPI,276.0
B-25670,14,2,1,Clothing,Hankerchief,COD,14.0
B-25757,14,5,1,Clothing,Hankerchief,COD,14.0
B-25751,14,-3,2,Clothing,Leggings,COD,7.0
B-25687,14,-1,4,Clothing,Kurti,COD,3.5
B-25710,13,-8,1,Clothing,T-shirt,COD,13.0
B-25656,13,-1,3,Clothing,Hankerchief,COD,4.333333333333333
B-25601,1275,1148,7,Furniture,Bookcases,EMI,182.14285714285714
B-26053,17,1,2,Clothing,Skirt,Credit Card,8.5
B-26001,13,0,2,Clothing,Hankerchief,COD,6.5
B-25964,1270,546,11,Electronics,Electronic Games,EMI,115.45454545454545
B-26062,13,-2,1,Clothing,Stole,COD,13.0
B-25982,13,3,1,Clothing,Leggings,COD,13.0
B-25864,17,5,1,Clothing,Hankerchief,UPI,17.0
B-25693,13,-13,2,Clothing,Skirt,COD,6.5
B-25802,13,-9,2,Clothing,Skirt,COD,6.5
B-25676,1263,-56,5,Clothing,Trousers,EMI,252.6
B-25639,1629,-153,3,Electronics,Phones,COD,543.0
B-25757,17,7,3,Clothing,Hankerchief,UPI,5.666666666666667
B-26003,17,2,2,Clothing,Skirt,UPI,8.5
B-26055,1250,-12,2,Electronics,Printers,EMI,625.0
B-25786,17,-11,3,Clothing,Skirt,UPI,5.666666666666667
B-25919,977,-244,7,Electronics,Phones,COD,139.57142857142858
B-25894,1246,62,3,Furniture,Bookcases,EMI,415.3333333333333
B-25979,12,1,2,Clothing,Hankerchief,COD,6.0
B-25651,11,-4,2,Clothing,Skirt,COD,5.5
B-25653,1327,318,8,Furniture,Chairs,EMI,165.875
B-25855,1319,567,5,Electronics,Printers,COD,263.8
B-25793,1402,109,11,Clothing,Saree,EMI,127.45454545454545
B-26073,1514,742,4,Electronics,Printers,EMI,378.5
B-25881,1351,111,6,Electronics,Electronic Games,COD,225.16666666666666
B-25603,1355,-60,5,Clothing,Trousers,COD,271.0
B-25851,10,2,2,Clothing,Hankerchief,COD,5.0
B-25883,10,-2,2,Clothing,Leggings,COD,5.0
B-25768,1582,-443,6,Clothing,Trousers,EMI,263.6666666666667
B-25953,1218,352,9,Furniture,Bookcases,EMI,135.33333333333334
B-25755,321,315,5,Clothing,Saree,UPI,64.2
B-26057,736,346,5,Electronics,Printers,COD,147.2
B-26055,1218,-420,8,Furniture,Bookcases,COD,152.25
B-25855,1027,441,8,Clothing,Saree,COD,128.375
B-25989,10,5,1,Clothing,Stole,COD,10.0
B-26099,2366,552,5,Clothing,Trousers,UPI,473.2
B-25652,9,-6,2,Clothing,Hankerchief,COD,4.5
B-25723,16,-12,2,Clothing,Stole,UPI,8.0
B-26099,9,3,1,Clothing,Skirt,COD,9.0
B-25629,1560,421,3,Clothing,Trousers,COD,520.0
B-25877,1137,568,2,Clothing,Trousers,EMI,568.5
B-25767,9,-9,2,Clothing,Kurti,COD,4.5
B-25735,15,-7,1,Clothing,Hankerchief,UPI,15.0
B-26097,14,5,1,Clothing,Hankerchief,UPI,14.0
B-26070,14,7,2,Clothing,Hankerchief,UPI,7.0
B-25752,8,-2,2,Clothing,Hankerchief,COD,4.0
B-25656,1389,680,7,Clothing,Saree,COD,198.42857142857142
B-25748,8,-1,2,Clothing,Leggings,COD,4.0
B-25758,8,-2,1,Clothing,Stole,COD,8.0
B-25950,13,4,1,Clothing,Leggings,UPI,13.0
B-25707,8,-6,1,Clothing,Stole,COD,8.0
B-25909,12,2,2,Clothing,Skirt,Credit Card,6.0
B-25955,1716,309,7,Electronics,Accessories,COD,245.14285714285714
B-26023,1117,447,10,Furniture,Bookcases,EMI,111.7
B-25655,9,-6,2,Clothing,Skirt,Credit Card,4.5
B-25686,332,503,3,Electronics,Printers,COD,110.66666666666667
B-25655,7,-4,3,Clothing,Hankerchief,COD,2.3333333333333335
B-25601,8,-2,3,Clothing,Hankerchief,Credit Card,2.6666666666666665
B-25862,2061,701,5,Furniture,Bookcases,UPI,412.2
B-25626,1103,276,3,Furniture,Chairs,EMI,367.6666666666667
B-25823,2103,322,8,Electronics,Electronic Games,UPI,262.875
B-25881,2115,23,5,Furniture,Chairs,COD,423.0
B-25910,850,-289,5,Electronics,Electronic Games,COD,170.0
B-25830,1063,64,7,Electronics,Phones,EMI,151.85714285714286
B-25978,1063,-175,4,Electronics,Electronic Games,EMI,265.75
B-25997,2292,127,7,Furniture,Bookcases,COD,327.42857142857144
B-25661,7,-1,2,Clothing,Hankerchief,Credit Card,3.5
B-25969,2452,191,7,Furniture,Bookcases,UPI,350.2857142857143
B-25858,2457,665,11,Electronics,Electronic Games,EMI,223.36363636363637
B-25697,4,-3,1,Clothing,Skirt,Credit Card,4.0
B-25798,2830,-1981,13,Furniture,Bookcases,EMI,217.69230769230768
B-25873,7,1,1,Clothing,Hankerchief,COD,7.0
B-25740,7,0,2,Clothing,Skirt,COD,3.5
B-25700,7,-3,2,Clothing,Hankerchief,COD,3.5
B-25757,3151,-35,7,Clothing,Trousers,EMI,450.14285714285717
B-25973,4141,1698,13,Electronics,Printers,COD,318.53846153846155
B-25698,7,-2,1,Clothing,Hankerchief,COD,7.0
B-25993,4363,305,5,Furniture,Tables,EMI,872.6
