Order ID,Order Date,CustomerName,State,City
B-26055,2018-10-03,Harivansh,Uttar Pradesh,Mathura
B-25993,2018-03-02,Madhav,Delhi,Delhi
B-25973,,Madan Mohan,Uttar Pradesh,Mathura
B-25923,,Gopal,Maharashtra,Mumbai
B-25757,,Vishakha,Madhya Pradesh,Indore
B-25967,,Sudevi,Uttar Pradesh,Prayagraj
B-25955,,Shiva,Maharashtra,Pune
B-26093,,Sarita,Maharashtra,Pune
B-25798,2018-01-10,Shishu,Andhra Pradesh,Hyderabad
B-25602,2018-01-04,Vrinda,Maharashtra,Pune
B-25858,,Uudhav,Maharashtra,Mumbai
B-25969,,Shreyshi,Gujarat,Surat
B-26099,,Bhishm,Maharashtra,Mumbai
B-25997,2018-04-02,Yogesh,Maharashtra,Pune
B-25881,,Lalita,Uttar Pradesh,Mathura
B-25761,,Madhav,Uttar Pradesh,Mathura
B-25887,2018-01-12,Vishakha,Uttar Pradesh,Prayagraj
B-25823,,Rohan,Maharashtra,Mumbai
B-25853,2018-08-11,Gaurav,Gujarat,Ahmedabad
B-25862,,Amol,Bihar,Patna
B-25830,,Aastha,Himachal Pradesh,Simla
B-25786,,Madan Mohan,Uttar Pradesh,Mathura
B-25686,2018-11-06,Pooja,Himachal Pradesh,Simla
B-26022,,Shrichand,Punjab,Chandigarh
B-26003,2018-08-02,Hitesh,Madhya Pradesh,Bhopal
B-25755,,Shourya,Kerala ,Thiruvananthapuram
B-25902,2018-10-12,Ishpreet,Maharashtra,Mumbai
B-25935,2018-04-01,Sudhir,Nagaland,Kohima
B-25797,,Sauptik,Madhya Pradesh,Indore
B-25639,,Lisha,Madhya Pradesh,Bhopal
B-25681,2018-04-06,Bhawna,Madhya Pradesh,Indore
B-25909,,Sujay,Maharashtra,Pune
B-25910,,Jay,Delhi,Delhi
B-25950,,Shruti,Madhya Pradesh,Indore
B-25613,2018-12-04,Mohan,Haryana,Chandigarh
B-25919,,Neha,Rajasthan,Udaipur
B-25768,2018-01-09,Shreyoshe,Karnataka,Bangalore
B-25629,,Hemant,Kerala ,Thiruvananthapuram
B-25729,,Madhulika,Madhya Pradesh,Bhopal
B-25943,2018-09-01,Shardul,Gujarat,Ahmedabad
B-25842,2018-02-11,Sheetal,Maharashtra,Pune
B-26073,,Pournamasi,Madhya Pradesh,Indore
B-25778,2018-11-09,Surabhi,Maharashtra,Mumbai
B-25717,2018-12-07,Manshul,Uttar Pradesh,Lucknow
B-26085,,Shrichand,Punjab,Chandigarh
B-26048,2018-04-03,Parth,Maharashtra,Pune
B-25793,,Siddharth,Madhya Pradesh,Indore
B-25656,2018-11-05,Priyanka,Maharashtra,Pune
B-25608,2018-08-04,Aarushi,Tamil Nadu,Chennai
B-25752,,Vaibhav,Madhya Pradesh,Indore
B-25779,2018-12-09,Savi,Maharashtra,Pune
B-25603,2018-03-04,Jahan,Madhya Pradesh,Bhopal
B-26051,2018-07-03,Parishi,West Bengal,Kolkata
B-25653,2018-08-05,Farah,Nagaland,Kohima
B-25855,2018-08-11,Abhijeet,Madhya Pradesh,Bhopal
B-25762,,Anudeep,Madhya Pradesh,Indore
B-25995,2018-04-02,Yohann,Delhi,Delhi
B-25929,2018-02-01,Girase,Kerala ,Thiruvananthapuram
B-26006,2018-09-02,Arpita,Karnataka,Bangalore
B-25697,,Vijay,Jammu and Kashmir,Kashmir
B-25836,,Arti,Maharashtra,Pune
B-25601,2018-01-04,Bharat,Gujarat,Ahmedabad
B-25873,,Divyeta,Madhya Pradesh,Indore
B-26028,,Manju,Andhra Pradesh,Hyderabad
B-25964,,Oshin,Maharashtra,Pune
B-25676,2018-01-06,Chandni,Rajasthan,Jaipur
B-25839,,Pranjali,West Bengal,Kolkata
B-25894,2018-04-12,Monu,Punjab,Amritsar
B-25925,,Shruti,Maharashtra,Mumbai
B-25953,,Krutika,Andhra Pradesh,Hyderabad
B-25772,2018-02-09,Sanjana,Bihar,Patna
B-25957,,Mahima,Madhya Pradesh,Indore
B-25730,,Rishabh,Rajasthan,Jaipur
B-25877,,Dashyam,Gujarat,Surat
B-26067,,Tulika,Madhya Pradesh,Bhopal
B-25810,2018-10-10,Nripraj,Punjab,Chandigarh
B-25868,,Vikash,Goa,Goa
B-26023,,Mukesh,Haryana,Chandigarh
B-25626,,Bhishm,Maharashtra,Mumbai
B-25937,2018-05-01,Ankit,Haryana,Chandigarh
B-25610,2018-09-04,Yogesh,Bihar,Patna
B-25777,2018-10-09,Aditi,Madhya Pradesh,Indore
B-25738,2018-02-08,Ayush,Punjab,Chandigarh
B-25978,,Parin,Maharashtra,Mumbai
B-25643,,Kirti,Jammu and Kashmir,Kashmir
B-25728,,Ameesha,Maharashtra,Pune
B-25749,,Ayush,Maharashtra,Mumbai
B-25667,,Anjali,Haryana,Chandigarh
B-25657,,Tulika,Madhya Pradesh,Bhopal
B-25753,,Shivam,Uttar Pradesh,Lucknow
B-26061,,Anurag,Madhya Pradesh,Indore
B-25838,,Sanjana,Madhya Pradesh,Indore
B-25702,,Shaily,Maharashtra,Mumbai
B-25952,,Priyanka,Madhya Pradesh,Indore
B-25666,,Tanvi,Punjab,Chandigarh
B-25675,,Shreya,Madhya Pradesh,Bhopal
B-25650,2018-06-05,Chirag,Maharashtra,Mumbai
B-25986,,Shweta,Rajasthan,Udaipur
B-25850,2018-05-11,Abhishek,Goa,Goa
B-25898,2018-07-12,Abhishek,Rajasthan,Udaipur
B-25813,2018-10-10,Hrisheekesh,Maharashtra,Mumbai
B-25825,,Kartik,Madhya Pradesh,Indore
B-25954,,Trupti,Gujarat,Ahmedabad
B-25696,,Noopur,Karnataka,Bangalore
B-25638,,Parth,Maharashtra,Pune
B-25747,2018-11-08,Harsh,Madhya Pradesh,Bhopal
B-25904,2018-10-12,Swapnil,Delhi,Delhi
B-25852,2018-07-11,Soumyabrata,Andhra Pradesh,Hyderabad
B-25981,,Amruta,Delhi,Delhi
B-25899,2018-08-12,Aishwarya,Uttar Pradesh,Prayagraj
B-25870,,Pranav,Andhra Pradesh,Hyderabad
B-26040,,Sahil,Punjab,Chandigarh
B-25671,,Mitali,Nagaland,Kohima
B-26100,,Hitika,Madhya Pradesh,Indore
B-25651,2018-07-05,Anurag,Madhya Pradesh,Indore
B-25968,,Paromita,Punjab,Amritsar
B-26019,,Jitesh,Uttar Pradesh,Lucknow
B-25664,,Pratyusmita,Bihar,Patna
B-26033,,Atharv,West Bengal,Kolkata
B-26052,2018-08-03,Ajay,Karnataka,Bangalore
B-25999,2018-05-02,Diwakar,Delhi,Delhi
B-25781,,Rutuja,Gujarat,Ahmedabad
B-25764,,Sanjova,Maharashtra,Pune
B-25803,2018-05-10,Shivanshu,Madhya Pradesh,Indore
B-25945,2018-11-01,Mhatre,Madhya Pradesh,Indore
B-26086,,Mukesh,Haryana,Chandigarh
B-25845,2018-03-11,Snel,Kerala ,Thiruvananthapuram
B-25817,,Praneet,Maharashtra,Mumbai
B-25951,,Jesal,West Bengal,Kolkata
B-25970,,Rhea,Maharashtra,Mumbai
B-25878,,Mrinal,Maharashtra,Mumbai
B-26057,2018-10-03,Sharda,Kerala ,Thiruvananthapuram
B-25885,,Shatayu,Madhya Pradesh,Indore
B-25897,2018-06-12,Rohan,Madhya Pradesh,Indore
B-25756,,Mohan,Maharashtra,Mumbai
B-25859,,Chikku,Madhya Pradesh,Indore
B-25691,,Akancha,Maharashtra,Mumbai
B-25633,,Amit,Sikkim,Gangtok
B-25708,2018-01-07,Kishwar,Madhya Pradesh,Indore
B-25831,,Mahima,Sikkim,Gangtok
B-25856,2018-10-11,Abhijeet,Maharashtra,Mumbai
B-25893,2018-04-12,Vrinda,Uttar Pradesh,Mathura
B-25959,,Muskan,Madhya Pradesh,Indore
B-26000,2018-06-02,Shubham,Delhi,Delhi
B-26097,,Vini,Karnataka,Bangalore
B-25745,2018-09-08,Kartik,Gujarat,Ahmedabad
B-25974,,Manisha,Rajasthan,Udaipur
B-25670,,Charika,Goa,Goa
B-25848,2018-03-11,Rohan,Himachal Pradesh,Simla
B-25888,2018-02-12,Rohan,Punjab,Amritsar
B-25942,2018-08-01,Ankur,Andhra Pradesh,Hyderabad
B-25847,2018-03-11,Aniket,Haryana,Chandigarh
B-25636,,Nishi,Maharashtra,Mumbai
B-25826,,Tanushree,Maharashtra,Mumbai
B-26081,,Aarushi,Tamil Nadu,Chennai
B-25625,,Pinky,Jammu and Kashmir,Kashmir
B-25802,2018-05-10,Yash,Maharashtra,Mumbai
B-25693,,Parna,Madhya Pradesh,Bhopal
B-25796,,Sukrith,Maharashtra,Mumbai
B-25806,2018-06-10,Dhanraj,Madhya Pradesh,Indore
B-25710,2018-05-07,Megha,Maharashtra,Pune
B-25669,,Piyali,Sikkim,Gangtok
B-25857,2018-10-11,Anand,Madhya Pradesh,Indore
B-25785,,Ayush,West Bengal,Kolkata
B-25930,2018-03-01,Monica,Punjab,Chandigarh
B-26053,2018-09-03,Kirti,Jammu and Kashmir,Kashmir
B-26070,,Shruti,Karnataka,Bangalore
B-25791,,Avish,Kerala ,Thiruvananthapuram
B-25983,,Atul,Delhi,Delhi
B-25979,,Shivangi,Madhya Pradesh,Indore
B-26054,2018-10-03,Mayank,Maharashtra,Mumbai
B-26078,,Kasheen,West Bengal,Kolkata
B-25787,,Asish,Jammu and Kashmir,Kashmir
B-25682,2018-07-06,Krutika,Bihar,Patna
B-25962,,Tejeswini,Maharashtra,Pune
B-25750,,Priyanshu,Madhya Pradesh,Indore
B-25828,,Nikita,Punjab,Chandigarh
B-25622,,Monisha,Rajasthan,Jaipur
B-25751,,Nishant,Maharashtra,Mumbai
B-25685,2018-10-06,Sheetal,Madhya Pradesh,Indore
B-26010,2018-11-02,Kartikay,Bihar,Patna
B-26035,,Pinky,Jammu and Kashmir,Kashmir
B-25698,,Amisha,Tamil Nadu,Chennai
B-25966,,Soumya,Rajasthan,Udaipur
B-25832,,Harshita,Maharashtra,Mumbai
B-25743,2018-07-08,Aman,Nagaland,Kohima
B-25886,,Brijesh,Rajasthan,Udaipur
B-25975,,Priyanka,Uttar Pradesh,Prayagraj
B-26098,,Pinky,Jammu and Kashmir,Kashmir
B-25614,,Vandana,Himachal Pradesh,Simla
B-25726,,Kiran,Maharashtra,Mumbai
B-26050,2018-06-03,Paridhi,Rajasthan,Jaipur
B-25609,2018-09-04,Jitesh,Uttar Pradesh,Lucknow
B-25741,2018-03-08,Navdeep,Madhya Pradesh,Indore
B-25956,,Shreya,Maharashtra,Mumbai
B-25689,,Bhaggyasree,Maharashtra,Mumbai
B-25939,2018-05-01,Vineet,Sikkim,Gangtok
B-25890,2018-04-12,Divyansha,Maharashtra,Mumbai
B-25814,2018-10-10,Swapnil,Madhya Pradesh,Indore
B-25718,2018-12-07,Anjali,Maharashtra,Mumbai
B-25914,,Kajal,Delhi,Delhi
B-25903,2018-10-12,Amlan,Madhya Pradesh,Indore
B-26096,,Atharv,West Bengal,Kolkata
B-25654,2018-10-05,Sabah,Maharashtra,Mumbai
B-26076,,Jahan,Madhya Pradesh,Bhopal
B-25961,,Surbhi,Gujarat,Ahmedabad
B-25854,2018-08-11,Shubham,Maharashtra,Pune
B-25642,,Ajay,Karnataka,Bangalore
B-25683,2018-08-06,Shreya,Kerala ,Thiruvananthapuram
B-26016,,Hazel,Karnataka,Bangalore
B-26034,,Vini,Karnataka,Bangalore
B-26056,2018-10-03,Sonal,Bihar,Patna
B-25819,,Ankur,Madhya Pradesh,Bhopal
B-25715,2018-10-07,Srishti,Jammu and Kashmir,Kashmir
B-25933,2018-04-01,Shikhar,Maharashtra,Mumbai
B-26014,,Divsha,Rajasthan,Jaipur
B-25655,2018-11-05,Nida,Madhya Pradesh,Indore
B-25816,2018-12-10,Mane,Andhra Pradesh,Hyderabad
B-25634,,Sanjay,Goa,Goa
B-25895,2018-04-12,Sathya,Gujarat,Surat
B-25687,2018-11-06,Sanjna,Maharashtra,Mumbai
B-25662,,Sweta,Maharashtra,Mumbai
B-25635,,Nidhi,Nagaland,Kohima
B-26060,,Chirag,Maharashtra,Mumbai
B-26045,2018-03-03,Nidhi,Nagaland,Kohima
B-25770,2018-02-09,Sakshi,Madhya Pradesh,Indore
B-25744,2018-08-08,Devendra,Andhra Pradesh,Hyderabad
B-25618,,Manju,Andhra Pradesh,Hyderabad
B-25958,,Aparajita,West Bengal,Kolkata
B-25769,2018-02-09,Surbhi,Maharashtra,Mumbai
B-25619,,Ramesh,Gujarat,Ahmedabad
B-25688,2018-11-06,Swetha,Madhya Pradesh,Indore
B-25829,,Apoorva,Haryana,Chandigarh
B-26036,,Bhishm,Maharashtra,Mumbai
B-25714,2018-09-07,Stuti,Karnataka,Bangalore
B-25989,2018-01-02,Anjali,Delhi,Delhi
B-25849,2018-04-11,K,Sikkim,Gangtok
B-25851,2018-06-11,Kushal,Nagaland,Kohima
B-25782,,Aayushi,Maharashtra,Mumbai
B-25621,,Deepak,Madhya Pradesh,Bhopal
B-25996,2018-04-02,Prashant,Delhi,Delhi
B-25678,2018-03-06,Bathina,Karnataka,Bangalore
B-25727,,Turumella,Madhya Pradesh,Indore
B-26018,,Aarushi,Tamil Nadu,Chennai
B-25760,,Pooja,Goa,Goa
B-25804,2018-05-10,Sudheer,Karnataka,Bangalore
B-25754,,Akshay,Bihar,Patna
B-26020,,Yogesh,Bihar,Patna
B-25640,,Paridhi,Rajasthan,Jaipur
B-25789,,Akshay,Uttar Pradesh,Lucknow
B-26072,,Sweta,Maharashtra,Mumbai
B-26007,2018-09-02,Shubham,Jammu and Kashmir,Kashmir
B-26087,,Vandana,Himachal Pradesh,Simla
B-25617,,Sagar,Nagaland,Kohima
B-25984,,Kajal,Delhi,Delhi
B-25767,,Ashmeet,West Bengal,Kolkata
B-25987,,Manjiri,Delhi,Delhi
B-25840,,Sneha,Karnataka,Bangalore
B-25663,,Pournamasi,Madhya Pradesh,Indore
B-26030,,Sarita,Maharashtra,Pune
B-25947,,Chetan,Gujarat,Ahmedabad
B-25896,2018-05-12,Aman,Maharashtra,Mumbai
B-26009,2018-10-02,Komal,Uttar Pradesh,Lucknow
B-25876,,Bhosale,Punjab,Amritsar
B-25915,,Sukruta,Punjab,Amritsar
B-25795,,Sukant,Sikkim,Gangtok
B-26002,2018-08-02,Harsh,Delhi,Delhi
B-25645,2018-01-05,Yaanvi,Madhya Pradesh,Indore
B-25837,,Palak,Maharashtra,Mumbai
B-25612,2018-12-04,Shrichand,Punjab,Chandigarh
B-25812,2018-10-10,Kshitij,Madhya Pradesh,Indore
B-25843,2018-03-11,Mrunal,Maharashtra,Mumbai
B-26026,,Kanak,Goa,Goa
B-25773,2018-06-09,Shreya,Kerala ,Thiruvananthapuram
B-25875,,Divyeshkumar,Uttar Pradesh,Prayagraj
B-25660,,Shruti,Karnataka,Bangalore
B-25918,,Karandeep,Madhya Pradesh,Indore
B-25971,,Mitali,Madhya Pradesh,Indore
B-26063,,Farah,Nagaland,Kohima
B-25867,,Ankit,Sikkim,Gangtok
B-25703,,Ekta,Madhya Pradesh,Indore
B-25661,,Subhashree,Jammu and Kashmir,Kashmir
B-25748,2018-12-08,Nitant,Rajasthan,Jaipur
B-25766,,Surabhi,Rajasthan,Jaipur
B-25861,,Aayush,Uttar Pradesh,Lucknow
B-26058,2018-11-03,Aditya,Punjab,Chandigarh
B-25808,2018-08-10,Apsingekar,Bihar,Patna
B-25900,2018-09-12,Anand,Punjab,Amritsar
B-26084,,Anita,Kerala ,Thiruvananthapuram
B-25652,2018-08-05,Tushina,Goa,Goa
B-26008,2018-09-02,Kalyani,Tamil Nadu,Chennai
B-25799,2018-01-10,Divyansh,Gujarat,Ahmedabad
B-25927,,Shreya,Uttar Pradesh,Lucknow
B-25985,,Ginny,Madhya Pradesh,Indore
B-25994,2018-03-02,Omkar,Delhi,Delhi
B-25620,,Sarita,Maharashtra,Pune
B-25712,2018-07-07,Adhvaita,Rajasthan,Jaipur
B-25976,,Piyam,Punjab,Amritsar
B-26068,,Shefali,Rajasthan,Jaipur
B-25721,,Anchal,Haryana,Chandigarh
B-25863,,Manibalan,Kerala ,Thiruvananthapuram
B-25991,2018-03-02,Mansi,Madhya Pradesh,Indore
B-25737,2018-01-08,Shubham,Madhya Pradesh,Indore
B-26043,2018-01-03,Amit,Sikkim,Gangtok
B-25977,,Aayushi,Gujarat,Surat
B-25908,2018-12-12,Pradeep,Delhi,Delhi
B-25941,2018-07-01,Jaideep,Nagaland,Kohima
B-25794,,Aditya,Himachal Pradesh,Simla
B-26041,,Ritu,Haryana,Chandigarh
B-25695,,Suhani,West Bengal,Kolkata
B-25960,,Shreya,Andhra Pradesh,Hyderabad
B-26037,,Hitika,Madhya Pradesh,Indore
B-25921,,Sandra,Punjab,Amritsar
B-25944,2018-10-01,Syed,Maharashtra,Pune
B-25724,,Sheetal,Madhya Pradesh,Indore
B-26024,,Vandana,Himachal Pradesh,Simla
B-25694,,Subhasmita,Rajasthan,Jaipur
B-25665,,Chayanika,Kerala ,Thiruvananthapuram
B-26004,2018-08-02,Nandita,Rajasthan,Jaipur
B-25611,2018-11-04,Anita,Kerala ,Thiruvananthapuram
B-25901,2018-10-12,Suraj,Gujarat,Surat
B-25623,,Atharv,West Bengal,Kolkata
B-25713,2018-08-07,Raksha,West Bengal,Kolkata
B-26091,,Manju,Andhra Pradesh,Hyderabad
B-25604,2018-03-04,Divsha,Rajasthan,Jaipur
B-25827,,Sheetal,Madhya Pradesh,Indore
B-25835,,Moumita,Gujarat,Ahmedabad
B-26025,,Bhavna,Sikkim,Gangtok
B-25809,2018-09-10,Suman,Kerala ,Thiruvananthapuram
B-25905,2018-11-12,Bhargav,Delhi,Delhi
B-25948,,Mukund,Maharashtra,Pune
B-26094,,Deepak,Madhya Pradesh,Bhopal
B-25949,,Shantanu,Maharashtra,Mumbai
B-26001,2018-07-02,Patil,Delhi,Delhi
B-25771,2018-02-09,Vaibhavi,Uttar Pradesh,Lucknow
B-25659,,Sanskriti,West Bengal,Kolkata
B-25924,,Prajakta,Karnataka,Bangalore
B-25883,,Saptadeep,Gujarat,Surat
B-25946,2018-12-01,Saurabh,Andhra Pradesh,Hyderabad
B-26065,,Nida,Madhya Pradesh,Indore
B-26083,,Yogesh,Bihar,Patna
B-25725,,Anisha,Nagaland,Kohima
B-25630,,Sahil,Punjab,Chandigarh
B-25673,,Arsheen,Gujarat,Ahmedabad
B-25692,,Rashmi,Madhya Pradesh,Indore
B-25992,2018-03-02,Gaurav,Rajasthan,Udaipur
B-25765,,Meghana,Madhya Pradesh,Bhopal
B-25892,2018-04-12,Aditi,Rajasthan,Udaipur
B-26089,,Kanak,Goa,Goa
B-25780,,Teena,Andhra Pradesh,Hyderabad
B-25684,2018-09-06,Samiksha,Maharashtra,Mumbai
B-25739,2018-03-08,Daksh,Haryana,Chandigarh
B-25731,,Akash,West Bengal,Kolkata
B-25648,2018-04-05,Aditya,Punjab,Chandigarh
B-26038,,Pooja,Bihar,Patna
B-25700,,Shubhi,Maharashtra,Mumbai
B-26015,,Kasheen,West Bengal,Kolkata
B-25704,,Riya,Maharashtra,Mumbai
B-25811,2018-10-10,Utsav,Maharashtra,Mumbai
B-25821,,Ajay,West Bengal,Kolkata
B-25874,,Megha,Rajasthan,Udaipur
B-25668,,Rhea,Himachal Pradesh,Simla
B-25800,2018-01-10,Ishit,Maharashtra,Pune
B-25928,2018-01-01,Smriti,Bihar,Patna
B-26021,,Anita,Kerala ,Thiruvananthapuram
B-26064,,Ankita,Maharashtra,Mumbai
B-25882,,Masurkar,Punjab,Amritsar
B-25891,2018-04-12,Shivani,Madhya Pradesh,Indore
B-25820,,Dheeraj,Rajasthan,Jaipur
B-25889,2018-03-12,Abhishek,Gujarat,Surat
B-25871,,Gunjal,Gujarat,Surat
B-25637,,Ashmi,Madhya Pradesh,Indore
B-25616,,Kanak,Goa,Goa
B-25972,,Jesslyn,Rajasthan,Udaipur
B-25805,2018-05-10,Ankit,Maharashtra,Mumbai
B-25860,,Akshay,Tamil Nadu,Chennai
B-26080,,Sonakshi,Jammu and Kashmir,Kashmir
B-25807,2018-07-10,Vipul,Uttar Pradesh,Lucknow
B-25734,,Pranav,Madhya Pradesh,Indore
B-25880,,Apoorv,Rajasthan,Udaipur
B-25934,2018-04-01,Rahul,Madhya Pradesh,Indore
B-25913,,Geetanjali,Delhi,Delhi
B-25912,,Preksha,Delhi,Delhi
B-25824,,Shyam,Madhya Pradesh,Indore
B-25711,2018-06-07,Sakshi,Madhya Pradesh,Bhopal
B-25864,,Aromal,Maharashtra,Mumbai
B-25917,,Sanjay,Maharashtra,Mumbai
B-26049,2018-05-03,Lisha,Madhya Pradesh,Bhopal
B-25920,,Jayanti,Uttar Pradesh,Prayagraj
B-25699,,Kritika,Uttar Pradesh,Lucknow
B-25735,,Arindam,Uttar Pradesh,Lucknow
B-25701,,Maithilee,Madhya Pradesh,Indore
B-26092,,Ramesh,Gujarat,Ahmedabad
B-26082,,Jitesh,Uttar Pradesh,Lucknow
B-25818,,Sandeep,Madhya Pradesh,Indore
B-25846,2018-03-11,Soodesh,Punjab,Chandigarh
B-26011,2018-12-02,Bharat,Gujarat,Ahmedabad
B-25631,,Ritu,Haryana,Chandigarh
B-25606,2018-06-04,Hazel,Karnataka,Bangalore
B-25746,2018-10-08,Shivam,Maharashtra,Pune
B-26005,2018-08-02,Parnavi,West Bengal,Kolkata
B-25844,2018-03-11,Swati,Madhya Pradesh,Indore
B-25869,,Parakh,Nagaland,Kohima
B-26066,,Priyanka,Maharashtra,Pune
B-25865,,Arun,Madhya Pradesh,Indore
B-26039,,Hemant,Kerala ,Thiruvananthapuram
B-25916,,Utkarsh,Gujarat,Surat
B-26090,,Sagar,Nagaland,Kohima
B-25988,,Nirja,Delhi,Delhi
B-25906,2018-11-12,Abhijit,Delhi,Delhi
B-26017,,Sonakshi,Jammu and Kashmir,Kashmir
B-25644,,Mayank,Maharashtra,Mumbai
B-25679,2018-04-06,Avni,Maharashtra,Mumbai
B-25723,,Wale,Maharashtra,Mumbai
B-25605,2018-05-04,Kasheen,West Bengal,Kolkata
B-25792,,Abhishek,Maharashtra,Mumbai
B-25680,2018-04-06,Aayushi,Madhya Pradesh,Indore
B-25931,2018-04-01,Sidharth,Maharashtra,Mumbai
B-25932,2018-04-01,Bhutekar,Madhya Pradesh,Indore
B-25990,2018-02-02,Mugdha,Delhi,Delhi
B-25615,,Bhavna,Sikkim,Gangtok
B-26031,,Deepak,Madhya Pradesh,Bhopal
B-25801,2018-01-10,Aryan,Madhya Pradesh,Bhopal
B-25833,,Krishna,Madhya Pradesh,Indore
B-26077,,Divsha,Rajasthan,Jaipur
B-25936,2018-05-01,Nikhil,Punjab,Chandigarh
B-25938,2018-05-01,Shikhar,Himachal Pradesh,Simla
B-25716,2018-11-07,Surabhi,Tamil Nadu,Chennai
B-25740,2018-03-08,Rane,Maharashtra,Mumbai
B-25763,,Noshiba,Gujarat,Ahmedabad
B-25872,,Saurabh,Maharashtra,Mumbai
B-25879,,Siddharth,Madhya Pradesh,Indore
B-25926,,Dipali,Madhya Pradesh,Indore
B-26074,,Bharat,Gujarat,Ahmedabad
B-25627,,Hitika,Madhya Pradesh,Indore
B-25940,2018-06-01,Vivek,Goa,Goa
B-26047,2018-04-03,Ashmi,Madhya Pradesh,Indore
B-26069,,Sanskriti,West Bengal,Kolkata
B-26027,,Sagar,Nagaland,Kohima
B-25963,,Pratiksha,Maharashtra,Mumbai
B-25922,,Akshata,Gujarat,Surat
B-25866,,Komal,Himachal Pradesh,Simla
B-25607,2018-06-04,Sonakshi,Jammu and Kashmir,Kashmir
B-25775,2018-08-09,Duhita,Haryana,Chandigarh
B-25998,2018-04-02,Anmol,Rajasthan,Udaipur
B-26062,,Tushina,Goa,Goa
B-25722,,Inderpreet,Himachal Pradesh,Simla
B-25776,2018-09-09,Mousam,Maharashtra,Mumbai
B-26032,,Monisha,Rajasthan,Jaipur
B-25705,,Shweta,Madhya Pradesh,Indore
B-25628,,Pooja,Bihar,Patna
B-25733,,Dhirajendu,Maharashtra,Mumbai
B-25647,2018-03-05,Sharda,Kerala ,Thiruvananthapuram
B-25790,,Sajal,Bihar,Patna
B-25709,2018-01-07,Aakanksha,Madhya Pradesh,Indore
B-25911,,Phalguni,Madhya Pradesh,Bhopal
B-25774,2018-07-09,Snehal,Punjab,Chandigarh
B-26042,,Manish,Himachal Pradesh,Simla
B-25815,2018-10-10,Harsh,Nagaland,Kohima
B-25822,,Tejas,Karnataka,Bangalore
B-26075,,Pearl,Maharashtra,Pune
B-25783,,Shivangi,Madhya Pradesh,Indore
B-26046,2018-04-03,Nishi,Maharashtra,Mumbai
B-25690,,Gunjan,Madhya Pradesh,Indore
B-25706,2018-01-07,Swetlana,Goa,Goa
B-25736,,Akshat,Maharashtra,Mumbai
B-25720,,Namrata,Punjab,Chandigarh
B-25907,2018-11-12,Jaydeep,Madhya Pradesh,Bhopal
B-25719,2018-12-07,Rashmi,Madhya Pradesh,Indore
B-26013,,Jahan,Madhya Pradesh,Bhopal
B-26044,2018-02-03,Sanjay,Goa,Goa
B-25649,2018-05-05,Rachna,Haryana,Chandigarh
B-25658,,Shefali,Rajasthan,Jaipur
B-25672,,Akanksha,Andhra Pradesh,Hyderabad
B-25624,,Vini,Karnataka,Bangalore
B-25884,,Sumeet,Maharashtra,Mumbai
B-25641,,Parishi,West Bengal,Kolkata
B-25841,2018-01-11,Ashvini,Maharashtra,Mumbai
B-25980,,Shweta,Rajasthan,Udaipur
B-26012,,Pearl,Maharashtra,Pune
B-26029,,Ramesh,Gujarat,Ahmedabad
B-26071,,Subhashree,Jammu and Kashmir,Kashmir
B-25646,2018-01-05,Sonal,Bihar,Patna
B-25677,2018-02-06,Ekta,West Bengal,Kolkata
B-25759,,Soumya,Sikkim,Gangtok
B-26059,2018-12-03,Rachna,Haryana,Chandigarh
B-25632,,Manish,Himachal Pradesh,Simla
B-26079,,Hazel,Karnataka,Bangalore
B-25674,,Mahima,Maharashtra,Pune
B-25965,,Saloni,West Bengal,Kolkata
B-25732,,Anubhaw,Karnataka,Bangalore
B-25834,,Ananya,Andhra Pradesh,Hyderabad
B-25784,,Rohit,Rajasthan,Jaipur
B-25982,,Hemangi,Delhi,Delhi
B-25788,,Dinesh,Tamil Nadu,Chennai
B-25742,2018-03-08,Ashwin,Goa,Goa
B-26088,,Bhavna,Sikkim,Gangtok
B-25707,2018-01-07,Shivani,Maharashtra,Mumbai
B-25758,,Shubham,Himachal Pradesh,Simla
B-26095,,Monisha,Rajasthan,Jaipur
